,Date,predicted_load
0,2015-01-01,6127.085738588018
1,2015-01-02,6080.467064537492
2,2015-01-03,5565.803473700638
3,2015-01-04,5482.867286880265
4,2015-01-05,6099.415436723616
5,2015-01-06,6186.930580026038
6,2015-01-07,6209.5615309221575
7,2015-01-08,6185.492950264629
8,2015-01-09,6146.633470060678
9,2015-01-10,5638.720703559633
10,2015-01-11,5561.355677386545
11,2015-01-12,6182.156513098092
12,2015-01-13,6272.5025496741255
13,2015-01-14,6296.476787504823
14,2015-01-15,6272.236549110723
15,2015-01-16,6231.701524658185
16,2015-01-17,5720.657671358534
17,2015-01-18,5638.7895500019185
18,2015-01-19,6253.830999661104
19,2015-01-20,6337.305440008448
20,2015-01-21,6353.4638011226525
21,2015-01-22,6320.650112904202
22,2015-01-23,6270.9840726825
23,2015-01-24,5750.459219691334
24,2015-01-25,5658.969463796426
25,2015-01-26,6264.454033320936
26,2015-01-27,6338.632290417447
27,2015-01-28,6345.9365634300775
28,2015-01-29,6304.87316446391
29,2015-01-30,6247.701029629868
30,2015-01-31,5720.526709140965
31,2015-02-01,5623.328530231913
32,2015-02-02,6224.100048593597
33,2015-02-03,6294.584261732173
34,2015-02-04,6299.206732462754
35,2015-02-05,6256.437763751794
36,2015-02-06,6198.473010731502
37,2015-02-07,5671.331182716516
38,2015-02-08,5574.881563584795
39,2015-02-09,6176.991354468836
40,2015-02-10,6249.264186795627
41,2015-02-11,6255.977818782487
42,2015-02-12,6215.451015887879
43,2015-02-13,6159.728858978011
44,2015-02-14,5634.684993811607
45,2015-02-15,5540.053417942107
46,2015-02-16,6143.579687482318
47,2015-02-17,6216.762784484904
48,2015-02-18,6223.79556801842
49,2015-02-19,6182.933739010925
50,2015-02-20,6126.182513728563
51,2015-02-21,5599.399493187608
52,2015-02-22,5502.326321399081
53,2015-02-23,6102.739034542266
54,2015-02-24,6172.188383386438
55,2015-02-25,6174.938113947544
56,2015-02-26,6129.331216532762
57,2015-02-27,6067.47343359114
58,2015-02-28,5535.332621538464
59,2015-03-01,5432.7666761904065
60,2015-03-02,6027.670045766436
61,2015-03-03,6091.710236980657
62,2015-03-04,6089.262419880928
63,2015-03-05,6038.772256075495
64,2015-03-06,5972.436345532751
65,2015-03-07,5436.298979091366
66,2015-03-08,5330.277982692413
67,2015-03-09,5922.309735982293
68,2015-03-10,5984.084809977493
69,2015-03-11,5979.982348324927
70,2015-03-12,5928.433314757206
71,2015-03-13,5861.601979400298
72,2015-03-14,5325.484288869477
73,2015-03-15,5219.935845846504
74,2015-03-16,5812.819504354281
75,2015-03-17,5875.7439339993225
76,2015-03-18,5873.001184746099
77,2015-03-19,5822.933251834056
78,2015-03-20,5757.616916973363
79,2015-03-21,5222.965391217248
80,2015-03-22,5118.759378053204
81,2015-03-23,5712.797460984466
82,2015-03-24,5776.637078400174
83,2015-03-25,5774.534030519822
84,2015-03-26,5724.810469354106
85,2015-03-27,5659.540586033477
86,2015-03-28,5124.652500643684
87,2015-03-29,5019.958963257844
88,2015-03-30,5613.306781965103
89,2015-03-31,5676.316271506319
90,2015-04-01,5673.31871662508
91,2015-04-02,5622.721867094853
92,2015-04-03,5556.692759574938
93,2015-04-04,5021.256464318704
94,2015-04-05,4916.323467572042
95,2015-04-06,5509.835713457324
96,2015-04-07,5573.502709646013
97,2015-04-08,5571.735800534834
98,2015-04-09,5523.010730143264
99,2015-04-10,5459.547887368826
100,2015-04-11,4927.408918238118
101,2015-04-12,4826.522488999154
102,2015-04-13,5424.829280893914
103,2015-04-14,5494.017660153047
104,2015-04-15,5498.458147050058
105,2015-04-16,5456.566806540576
106,2015-04-17,5400.486933524999
107,2015-04-18,4876.18767839
108,2015-04-19,4783.492339409369
109,2015-04-20,5390.226329049683
110,2015-04-21,5467.956169540468
111,2015-04-22,5480.927541664319
112,2015-04-23,5447.432400815435
113,2015-04-24,5399.494419438668
114,2015-04-25,4882.9712857878485
115,2015-04-26,4797.58647153479
116,2015-04-27,5411.080366408217
117,2015-04-28,5494.952034968353
118,2015-04-29,5513.3995309016045
119,2015-04-30,5484.6887087717805
120,2015-05-01,5440.839735070394
121,2015-05-02,4927.729789868668
122,2015-05-03,4845.124552906628
123,2015-05-04,5460.8283742201165
124,2015-05-05,5546.42440697011
125,2015-05-06,5566.21268052248
126,2015-05-07,5538.576115249226
127,2015-05-08,5495.663759576653
128,2015-05-09,4983.489834075632
129,2015-05-10,4901.961282021531
130,2015-05-11,5519.023841043894
131,2015-05-12,5606.398033644058
132,2015-05-13,5628.51317661273
133,2015-05-14,5603.869531191702
134,2015-05-15,5564.717989454027
135,2015-05-16,5057.155987903387
136,2015-05-17,4981.152441838713
137,2015-05-18,5604.691794385577
138,2015-05-19,5699.508639809389
139,2015-05-20,5730.021063865142
140,2015-05-21,5714.692844995414
141,2015-05-22,5685.7139126023585
142,2015-05-23,5189.09773264795
143,2015-05-24,5124.708372545844
144,2015-05-25,5760.407277921669
145,2015-05-26,5867.791141671416
146,2015-05-27,5911.128913225075
147,2015-05-28,5908.727984200773
148,2015-05-29,5892.618829427546
149,2015-05-30,5408.656650788899
150,2015-05-31,5356.55264694779
151,2015-06-01,6004.024823079019
152,2015-06-02,6122.539595413603
153,2015-06-03,6176.2521306379185
154,2015-06-04,6183.375356836075
155,2015-06-05,6175.866840965648
156,2015-06-06,5699.532013304714
157,2015-06-07,5654.056318088657
158,2015-06-08,6307.156172514796
159,2015-06-09,6430.319990984666
160,2015-06-10,6487.747229610226
161,2015-06-11,6497.715427785068
162,2015-06-12,6492.264501781731
163,2015-06-13,6017.296849405315
164,2015-06-14,5972.605939895655
165,2015-06-15,6626.023379760586
166,2015-06-16,6749.155830245734
167,2015-06-17,6806.319857109941
168,2015-06-18,6815.904818167001
169,2015-06-19,6810.053171422512
170,2015-06-20,6334.756886035368
171,2015-06-21,6289.882745126873
172,2015-06-22,6943.316634120829
173,2015-06-23,7066.698278337094
174,2015-06-24,7124.354580862924
175,2015-06-25,7134.661716680497
176,2015-06-26,7129.725394976547
177,2015-06-27,6655.477978581993
178,2015-06-28,6611.70523361059
179,2015-06-29,7266.192764777074
180,2015-06-30,7390.463540669258
181,2015-07-01,7448.7145810334205
182,2015-07-02,7459.18286584736
183,2015-07-03,7453.829767428466
184,2015-07-04,6978.442572657045
185,2015-07-05,6932.665738874422
186,2015-07-06,7584.151805627368
187,2015-07-07,7704.303233339826
188,2015-07-08,7757.213111898365
189,2015-07-09,7761.034677753025
190,2015-07-10,7747.668831184763
191,2015-07-11,7262.868126040868
192,2015-07-12,7206.269798427698
193,2015-07-13,7845.547699470257
194,2015-07-14,7952.154367966499
195,2015-07-15,7990.261173535157
196,2015-07-16,7978.126479793922
197,2015-07-17,7947.781053241231
198,2015-07-18,7445.1292462587235
199,2015-07-19,7369.9785974119
200,2015-07-20,7990.187809096282
201,2015-07-21,8077.40444895541
202,2015-07-22,8096.000428496096
203,2015-07-23,8064.435340130414
204,2015-07-24,8014.937014802346
205,2015-07-25,7493.597966058103
206,2015-07-26,7400.400497959781
207,2015-07-27,8003.360564079292
208,2015-07-28,8074.261840232922
209,2015-07-29,8077.588166422421
210,2015-07-30,8031.884523901871
211,2015-07-31,7969.43597442669
212,2015-08-01,7436.363270747636
213,2015-08-02,7332.647935970793
214,2015-08-03,7926.2768956277305
215,2015-08-04,7988.97809833808
216,2015-08-05,7985.155231018536
217,2015-08-06,7933.25162392487
218,2015-08-07,7865.432682889109
219,2015-08-08,7327.685451729295
220,2015-08-09,7219.847983198946
221,2015-08-10,7809.7584734135835
222,2015-08-11,7868.995460993683
223,2015-08-12,7861.817096380233
224,2015-08-13,7806.52926300051
225,2015-08-14,7735.172119161774
226,2015-08-15,7193.623187008473
227,2015-08-16,7081.629742774604
228,2015-08-17,7666.9603404960935
229,2015-08-18,7721.146702980389
230,2015-08-19,7708.423903682701
231,2015-08-20,7647.098777678491
232,2015-08-21,7569.235771942538
233,2015-08-22,7020.758744507299
234,2015-08-23,6901.481334011087
235,2015-08-24,7479.255835945132
236,2015-08-25,7525.711906980428
237,2015-08-26,7505.193125214858
238,2015-08-27,7436.121462205629
239,2015-08-28,7350.679004542089
240,2015-08-29,6794.905568045836
241,2015-08-30,6668.724961476707
242,2015-08-31,7240.089969152712
243,2015-09-01,7280.717500496377
244,2015-09-02,7255.022050693446
245,2015-09-03,7181.477630621783
246,2015-09-04,7092.297588942736
247,2015-09-05,6533.531034622646
248,2015-09-06,6405.088659897948
249,2015-09-07,6974.8880527293595
250,2015-09-08,7014.589942130262
251,2015-09-09,6988.533491634373
252,2015-09-10,6915.10074661635
253,2015-09-11,6826.39958376332
254,2015-09-12,6268.363776413441
255,2015-09-13,6140.78286397148
256,2015-09-14,6711.451788716153
257,2015-09-15,6751.911607427849
258,2015-09-16,6726.389251054761
259,2015-09-17,6653.166294230822
260,2015-09-18,6564.265941642559
261,2015-09-19,6005.556710551116
262,2015-09-20,5876.7853743928445
263,2015-09-21,6445.72902243877
264,2015-09-22,6483.937453086974
265,2015-09-23,6455.673805529971
266,2015-09-24,6379.283346850692
267,2015-09-25,6286.879602186949
268,2015-09-26,5724.446314148234
269,2015-09-27,5591.867829708075
270,2015-09-28,6157.077828585825
271,2015-09-29,6191.797694025143
272,2015-09-30,6160.472536165474
273,2015-10-01,6081.634909856832
274,2015-10-02,5987.58555511669
275,2015-10-03,5424.489798937905
276,2015-10-04,5292.402376670014
277,2015-10-05,5859.41075000317
278,2015-10-06,5897.368383555608
279,2015-10-07,5870.826144935463
280,2015-10-08,5798.392013519112
281,2015-10-09,5712.408554156737
282,2015-10-10,5159.046903080848
283,2015-10-11,5038.330110056158
284,2015-10-12,5618.27597403477
285,2015-10-13,5670.630867000874
286,2015-10-14,5659.8027146287395
287,2015-10-15,5604.223293461297
288,2015-10-16,5536.02924632538
289,2015-10-17,5001.160481045623
290,2015-10-18,4899.3886886013615
291,2015-10-19,5498.46598717426
292,2015-10-20,5569.865036553098
293,2015-10-21,5577.718625874005
294,2015-10-22,5540.18871793985
295,2015-10-23,5489.154169373583
296,2015-10-24,4970.315608313948
297,2015-10-25,4883.655520932491
298,2015-10-26,5496.315912369908
299,2015-10-27,5579.619673163107
300,2015-10-28,5597.5885750726575
301,2015-10-29,5568.315236393202
302,2015-10-30,5523.652693581102
303,2015-10-31,5009.320001405679
304,2015-11-01,4924.936389790661
305,2015-11-02,5538.1738167009535
306,2015-11-03,5620.499140463729
307,2015-11-04,5636.113843063276
308,2015-11-05,5603.321268290339
309,2015-11-06,5554.2106276175455
310,2015-11-07,5034.756341557866
311,2015-11-08,4944.845410034751
312,2015-11-09,5552.422831858494
313,2015-11-10,5629.226487843528
314,2015-11-11,5639.719615434027
315,2015-11-12,5602.451034863668
316,2015-11-13,5549.732570182857
317,2015-11-14,5027.732412489806
318,2015-11-15,4936.4972825232735
319,2015-11-16,5544.093555860225
320,2015-11-17,5622.338883899108
321,2015-11-18,5635.732529234304
322,2015-11-19,5602.814635830499
323,2015-11-20,5555.8439054437
324,2015-11-21,5040.892422767643
325,2015-11-22,4957.870448597276
326,2015-11-23,5574.671274445213
327,2015-11-24,5662.907571793546
328,2015-11-25,5686.84732727596
329,2015-11-26,5664.779432850808
330,2015-11-27,5628.698231344313
331,2015-11-28,5124.405573616786
332,2015-11-29,5051.543010474455
333,2015-11-30,5677.744011931533
334,2015-12-01,5774.3774471626
335,2015-12-02,5805.490222968684
336,2015-12-03,5789.178968086078
337,2015-12-04,5757.279898731771
338,2015-12-05,5255.475277860092
339,2015-12-06,5183.328972677146
340,2015-12-07,5808.440912816025
341,2015-12-08,5902.191623181569
342,2015-12-09,5928.684702330761
343,2015-12-10,5906.117139909091
344,2015-12-11,5866.466647525848
345,2015-12-12,5355.594486299002
346,2015-12-13,5273.276396004913
347,2015-12-14,5887.351555521096
348,2015-12-15,5969.46089906257
349,2015-12-16,5983.982828695621
350,2015-12-17,5949.396400527702
351,2015-12-18,5897.961352123105
352,2015-12-19,5375.813651385597
353,2015-12-20,5282.989367323928
354,2015-12-21,5887.566980951714
355,2015-12-22,5961.399637325012
356,2015-12-23,5969.045538857618
357,2015-12-24,5929.12669579788
358,2015-12-25,5874.005515070292
359,2015-12-26,5349.877993524681
360,2015-12-27,5256.796371800747
361,2015-12-28,5862.811391457183
362,2015-12-29,5939.705648937827
363,2015-12-30,5951.926207643212
364,2015-12-31,5917.946614994869
365,2016-01-01,5869.947708694673
366,2016-01-02,5353.9158560944725
367,2016-01-03,5269.6713391959975
368,2016-01-04,5885.0168668548395
369,2016-01-05,5971.477533858317
370,2016-01-06,5993.7392511527105
371,2016-01-07,5969.52038563386
372,2016-01-08,5930.7562593301645
373,2016-01-09,5423.204529260937
374,2016-01-10,5346.479221767331
375,2016-01-11,5968.2042120784445
376,2016-01-12,6059.757343168712
377,2016-01-13,6085.213061606721
378,2016-01-14,6062.71345723245
379,2016-01-15,6024.1568613545605
380,2016-01-16,5515.302454438591
381,2016-01-17,5435.803444386019
382,2016-01-18,6053.358690835965
383,2016-01-19,6139.454036695747
384,2016-01-20,6158.301316747164
385,2016-01-21,6128.205044424241
386,2016-01-22,6081.246064336796
387,2016-01-23,5563.380769016759
388,2016-01-24,5474.468598739125
389,2016-01-25,6082.417863276339
390,2016-01-26,6158.921311164197
391,2016-01-27,6168.389576899365
392,2016-01-28,6129.312659552542
393,2016-01-29,6073.938860169146
394,2016-01-30,5548.369899953953
395,2016-01-31,5452.5850419419
396,2016-02-01,6054.584336558677
397,2016-02-02,6126.122473760006
398,2016-02-03,6131.641403729245
399,2016-02-04,6089.631884869905
400,2016-02-05,6032.313365850488
401,2016-02-06,5505.7308780526355
402,2016-02-07,5409.781692262566
403,2016-02-08,6012.361770155265
404,2016-02-09,6085.103385539107
405,2016-02-10,6092.311954981543
406,2016-02-11,6052.332103513912
407,2016-02-12,5997.232232474828
408,2016-02-13,5472.906123707586
409,2016-02-14,5379.104193633307
410,2016-02-15,5983.584293361741
411,2016-02-16,6057.853305293658
412,2016-02-17,6066.107464680283
413,2016-02-18,6026.601337249106
414,2016-02-19,5971.334644440568
415,2016-02-20,5446.155416049789
416,2016-02-21,5350.79205177131
417,2016-02-22,5953.00417884424
418,2016-02-23,6024.323570234216
419,2016-02-24,6028.993088025698
420,2016-02-25,5985.333640163522
421,2016-02-26,5925.428417825989
422,2016-02-27,5395.222985208063
423,2016-02-28,5294.553908308981
424,2016-02-29,5891.295924783818
425,2016-03-01,5957.099040231104
426,2016-03-02,5956.323638817136
427,2016-03-03,5907.403718036243
428,2016-03-04,5842.5276312589285
429,2016-03-05,5307.735017347086
430,2016-03-06,5202.942699384082
431,2016-03-07,5796.089635073663
432,2016-03-08,5858.872367461095
433,2016-03-09,5855.679108073033
434,2016-03-10,5804.952586256378
435,2016-03-11,5738.871051575681
436,2016-03-12,5203.446091077541
437,2016-03-13,5098.5500060638515
438,2016-03-14,5692.062774967791
439,2016-03-15,5755.609978377505
440,2016-03-16,5753.499731465583
441,2016-03-17,5704.088659463849
442,2016-03-18,5639.46619668878
443,2016-03-19,5105.55575988724
444,2016-03-20,5002.145428182994
445,2016-03-21,5597.038047035891
446,2016-03-22,5661.792027058807
447,2016-03-23,5660.66078945881
448,2016-03-24,5611.96081045187
449,2016-03-25,5547.7574774089635
450,2016-03-26,5013.9672564223765
451,2016-03-27,4910.388771064478
452,2016-03-28,5504.852695872035
453,2016-03-29,5568.96174319402
454,2016-03-30,5567.028720035113
455,2016-03-31,5517.442652636636
456,2016-04-01,5452.35225348944
457,2016-04-02,4917.765307781021
458,2016-04-03,4813.576669174661
459,2016-04-04,5407.71486856931
460,2016-04-05,5471.878721370243
461,2016-04-06,5470.472020177949
462,2016-04-07,5421.96642090977
463,2016-04-08,5358.581903673929
464,2016-04-09,4826.38348513557
465,2016-04-10,4725.306961885668
466,2016-04-11,5323.303765099809
467,2016-04-12,5392.076373244459
468,2016-04-13,5396.012413587867
469,2016-04-14,5353.547585492661
470,2016-04-15,5296.846792133211
471,2016-04-16,4771.902142716141
472,2016-04-17,4678.560570495248
473,2016-04-18,5284.671094045479
474,2016-04-19,5361.823098688472
475,2016-04-20,5374.283684023654
476,2016-04-21,5340.364113312846
477,2016-04-22,5292.104644716321
478,2016-04-23,4775.376293589798
479,2016-04-24,4689.912155525165
480,2016-04-25,5303.458202803343
481,2016-04-26,5387.514820660605
482,2016-04-27,5406.277026620387
483,2016-04-28,5378.00331685949
484,2016-04-29,5334.702341654003
485,2016-04-30,4822.235897435801
486,2016-05-01,4740.3508217010585
487,2016-05-02,5356.829679681543
488,2016-05-03,5443.231505905302
489,2016-05-04,5463.830561335495
490,2016-05-05,5436.98308778467
491,2016-05-06,5394.811318599781
492,2016-05-07,4883.303307754539
493,2016-05-08,4802.341253597784
494,2016-05-09,5419.848309054808
495,2016-05-10,5507.5252539667945
496,2016-05-11,5529.7851093222935
497,2016-05-12,5505.115796940889
498,2016-05-13,5465.76022471319
499,2016-05-14,4957.812476171215
500,2016-05-15,4881.2428893642955
501,2016-05-16,5504.042114224534
502,2016-05-17,5597.955607377387
503,2016-05-18,5627.416710546953
504,2016-05-19,5610.90846373827
505,2016-05-20,5580.64356058645
506,2016-05-21,5082.6611307138255
507,2016-05-22,5016.853118685108
508,2016-05-23,5651.110312258134
509,2016-05-24,5757.05942240221
510,2016-05-25,5798.999286256071
511,2016-05-26,5795.266253079485
512,2016-05-27,5777.918055847555
513,2016-05-28,5292.834738173909
514,2016-05-29,5239.749283941565
515,2016-05-30,5886.397876764951
516,2016-05-31,6004.261066481539
517,2016-06-01,6057.503792766159
518,2016-06-02,6064.344211487415
519,2016-06-03,6056.740529353184
520,2016-06-04,5580.494318398232
521,2016-06-05,5535.282896845353
522,2016-06-06,6188.810646438028
523,2016-06-07,6312.550513277131
524,2016-06-08,6370.683632690184
525,2016-06-09,6381.467037329312
526,2016-06-10,6376.918683165075
527,2016-06-11,5902.918330098654
528,2016-06-12,5859.236927682079
529,2016-06-13,6513.684472257196
530,2016-06-14,6637.847686934016
531,2016-06-15,6696.025581507817
532,2016-06-16,6706.59297581186
533,2016-06-17,6701.681349420901
534,2016-06-18,6227.275682861376
535,2016-06-19,6183.24006554507
536,2016-06-20,6837.462153988454
537,2016-06-21,6961.58793801292
538,2016-06-22,7019.954964056273
539,2016-06-23,7030.954174081068
540,2016-06-24,7026.709778657778
541,2016-06-25,6553.175863938164
542,2016-06-26,6510.162520098641
543,2016-06-27,7165.481564532325
544,2016-06-28,7290.683284752879
545,2016-06-29,7349.99229588633
546,2016-06-30,7361.672596949387
547,2016-07-01,7357.711152358465
548,2016-07-02,6883.918591033474
549,2016-07-03,6839.959691288393
550,2016-07-04,7493.5035968298125
551,2016-07-05,7615.965056098342
552,2016-07-06,7671.444646254837
553,2016-07-07,7678.097935509429
554,2016-07-08,7667.822786765269
555,2016-07-09,7186.363282114982
556,2016-07-10,7133.342837615258
557,2016-07-11,7776.416371925911
558,2016-07-12,7887.012758793803
559,2016-07-13,7929.2754838446135
560,2016-07-14,7921.431441216845
561,2016-07-15,7895.477078104805
562,2016-07-16,7397.280395069352
563,2016-07-17,7326.611422240634
564,2016-07-18,7951.2911067531295
565,2016-07-19,8042.929931988939
566,2016-07-20,8065.864296062033
567,2016-07-21,8038.520705186097
568,2016-07-22,7993.097119805246
569,2016-07-23,7475.660097005356
570,2016-07-24,7386.17048693632
571,2016-07-25,7992.627753952471
572,2016-07-26,8066.804372383524
573,2016-07-27,8073.17844367191
574,2016-07-28,8030.294696396973
575,2016-07-29,7970.443296358744
576,2016-07-30,7439.755180294091
577,2016-07-31,7338.22671970565
578,2016-08-01,7933.863811588465
579,2016-08-02,7998.416848479927
580,2016-08-03,7996.314693576533
581,2016-08-04,7946.027778526435
582,2016-08-05,7879.749685516569
583,2016-08-06,7343.495842077371
584,2016-08-07,7237.1320328196125
585,2016-08-08,7828.522708609115
586,2016-08-09,7889.270418740846
587,2016-08-10,7883.654358299751
588,2016-08-11,7829.998011938819
589,2016-08-12,7760.355120710363
590,2016-08-13,7220.61247073662
591,2016-08-14,7110.522087592242
592,2016-08-15,7697.244376510902
593,2016-08-16,7752.9151071954575
594,2016-08-17,7741.760833822949
595,2016-08-18,7682.07600911418
596,2016-08-19,7605.909325700273
597,2016-08-20,7059.166111073161
598,2016-08-21,6941.639378191975
599,2016-08-22,7521.159446046497
600,2016-08-23,7569.333427472672
601,2016-08-24,7550.482586865518
602,2016-08-25,7483.007597891305
603,2016-08-26,7399.0710136062735
604,2016-08-27,6844.695567790109
605,2016-08-28,6719.791041967657
606,2016-08-29,7292.299747712665
607,2016-08-30,7333.932055589353
608,2016-08-31,7309.100101998449
609,2016-09-01,7236.279823306624
610,2016-09-02,7147.6907357874825
611,2016-09-03,6589.392169885082
612,2016-09-04,6461.308763674117
613,2016-09-05,7031.375313910294
614,2016-09-06,7071.272441639616
615,2016-09-07,7045.361205112035
616,2016-09-08,6972.046786478435
617,2016-09-09,6883.460624137104
618,2016-09-10,6325.559630005518
619,2016-09-11,6198.155206803398
620,2016-09-12,6769.062055942044
621,2016-09-13,6809.838110434717
622,2016-09-14,6784.723591763772
623,2016-09-15,6712.009176301138
624,2016-09-16,6623.722499274305
625,2016-09-17,6065.731493203383
626,2016-09-18,5937.777139356648
627,2016-09-19,6507.6254963720685
628,2016-09-20,6546.810228064839
629,2016-09-21,6519.57353454635
630,2016-09-22,6444.2353982213735
631,2016-09-23,6352.880321765711
632,2016-09-24,5791.460029197169
633,2016-09-25,5659.824708846275
634,2016-09-26,6225.872689141477
635,2016-09-27,6261.289821867031
636,2016-09-28,6230.486554519915
637,2016-09-29,6151.962703459062
638,2016-09-30,6057.989225221588
639,2016-10-01,5494.705594084378
640,2016-10-02,5362.1455146250355
641,2016-10-03,5928.381018718233
642,2016-10-04,5965.2563843585995
643,2016-10-05,5937.32001995222
644,2016-10-06,5863.1844824656055
645,2016-10-07,5775.204073467535
646,2016-10-08,5219.5687533721675
647,2016-10-09,5096.3272163958245
648,2016-10-10,5673.529267468581
649,2016-10-11,5722.95900534103
650,2016-10-12,5709.066995229944
651,2016-10-13,5650.3316104862415
652,2016-10-14,5578.938969075511
653,2016-10-15,5040.880157858192
654,2016-10-16,4935.9785117308875
655,2016-10-17,5532.036987166825
656,2016-10-18,5600.577009008096
657,2016-10-19,5605.776828135129
658,2016-10-20,5565.839407282446
659,2016-10-21,5512.679086606243
660,2016-10-22,4992.0255405429725
661,2016-10-23,4903.457609419111
662,2016-10-24,5514.55686470713
663,2016-10-25,5596.652114224575
664,2016-10-26,5613.762725357602
665,2016-10-27,5583.970641601718
666,2016-10-28,5539.110223611966
667,2016-10-29,5024.874332182858
668,2016-10-30,4940.849167967528
669,2016-10-31,5554.667691919692
670,2016-11-01,5637.752826607672
671,2016-11-02,5654.258343226064
672,2016-11-03,5622.43736742559
673,2016-11-04,5574.327723066608
674,2016-11-05,5055.852645781006
675,2016-11-06,4966.849522889886
676,2016-11-07,5575.216642690985
677,2016-11-08,5652.649331501559
678,2016-11-09,5663.573572108655
679,2016-11-10,5626.507232318127
680,2016-11-11,5573.738319371441
681,2016-11-12,5051.41898453401
682,2016-11-13,4959.588117144033
683,2016-11-14,5566.312679262801
684,2016-11-15,5643.419307905014
685,2016-11-16,5655.424403676161
686,2016-11-17,5620.892932469529
687,2016-11-18,5572.1154241624445
688,2016-11-19,5055.201928908749
689,2016-11-20,4970.105773754373
690,2016-11-21,5584.767241006531
691,2016-11-22,5670.848633410026
692,2016-11-23,5692.668852266463
693,2016-11-24,5668.567594363635
694,2016-11-25,5630.588505969577
695,2016-11-26,5124.579887919121
696,2016-11-27,5050.225611616625
697,2016-11-28,5675.196173206776
698,2016-11-29,5770.891150799674
699,2016-11-30,5801.380990246868
700,2016-12-01,5784.778029799792
701,2016-12-02,5752.925916726558
702,2016-12-03,5251.505840316471
703,2016-12-04,5180.072091606335
704,2016-12-05,5806.206751899439
705,2016-12-06,5901.264677366766
706,2016-12-07,5929.3166380390285
707,2016-12-08,5908.520486339133
708,2016-12-09,5870.809506135727
709,2016-12-10,5361.996397601161
710,2016-12-11,5281.805471205854
711,2016-12-12,5898.022946079434
712,2016-12-13,5982.2366409609
713,2016-12-14,5998.77306107221
714,2016-12-15,5966.061921324426
715,2016-12-16,5916.317437638196
716,2016-12-17,5395.635032984344
717,2016-12-18,5304.01622803291
718,2016-12-19,5909.511808026102
719,2016-12-20,5983.954744869536
720,2016-12-21,5991.891057771484
721,2016-12-22,5951.938817117942
722,2016-12-23,5896.464767528072
723,2016-12-24,5371.677336861506
724,2016-12-25,5277.648894066662
725,2016-12-26,5882.4574109364985
726,2016-12-27,5957.919039111508
727,2016-12-28,5968.519786136751
728,2016-12-29,5932.7764642229495
729,2016-12-30,5882.916325969799
730,2016-12-31,5364.97406360747
731,2017-01-01,5278.818918483213
732,2017-01-02,5892.3019172017475
733,2017-01-03,5976.9945885954
734,2017-01-04,5997.127174210266
735,2017-01-05,5970.956325652639
736,2017-01-06,5930.451518723818
737,2017-01-07,5421.398677622958
738,2017-01-08,5343.433578830622
739,2017-01-09,5964.1948849786795
740,2017-01-10,6055.06801268883
741,2017-01-11,6080.127714108841
742,2017-01-12,6057.509261299843
743,2017-01-13,6019.097377302545
744,2017-01-14,5510.631354593695
745,2017-01-15,5431.738904691909
746,2017-01-16,6050.088593099821
747,2017-01-17,6137.132096050979
748,2017-01-18,6157.044221167241
749,2017-01-19,6128.090663532779
750,2017-01-20,6082.312753860354
751,2017-01-21,5565.627766144917
752,2017-01-22,5477.857473164394
753,2017-01-23,6086.874959684884
754,2017-01-24,6164.341092205868
755,2017-01-25,6174.638752014477
756,2017-01-26,6136.234964952554
757,2017-01-27,6081.360339441459
758,2017-01-28,5556.104523470273
759,2017-01-29,5460.44049684982
760,2017-01-30,6062.367817597562
761,2017-01-31,6133.646308667338
762,2017-02-01,6138.728355144374
763,2017-02-02,6096.119983324971
764,2017-02-03,6038.060145088449
765,2017-02-04,5510.61690403889
766,2017-02-05,5413.713300202828
767,2017-02-06,6015.272948888858
768,2017-02-07,6086.9567750827155
769,2017-02-08,6093.098949904017
770,2017-02-09,6052.072081535791
771,2017-02-10,5995.970953270705
772,2017-02-11,5470.713366734323
773,2017-02-12,5376.070725138137
774,2017-02-13,5979.818271014092
775,2017-02-14,6053.476243547349
776,2017-02-15,6061.249894710178
777,2017-02-16,6021.398301790314
778,2017-02-17,5965.921169978105
779,2017-02-18,5440.662102565368
780,2017-02-19,5345.340913776709
781,2017-02-20,5947.704860963158
782,2017-02-21,6019.270046531817
783,2017-02-22,6024.260937098762
784,2017-02-23,5980.977968229849
785,2017-02-24,5921.482480408243
786,2017-02-25,5391.69753508025
787,2017-02-26,5291.437273974253
788,2017-02-27,5888.554800574521
789,2017-02-28,5954.6799468397585
790,2017-03-01,5954.154992467564
791,2017-03-02,5905.398428049206
792,2017-03-03,5840.586130180465
793,2017-03-04,5305.748615412047
794,2017-03-05,5200.797146265334
795,2017-03-06,5793.668766942607
796,2017-03-07,5856.061716309798
797,2017-03-08,5852.369353198867
798,2017-03-09,5801.042734512166
799,2017-03-10,5734.271243278576
800,2017-03-11,5198.079941975786
801,2017-03-12,5092.3564119852
802,2017-03-13,5684.997124307521
803,2017-03-14,5747.644737599938
804,2017-03-15,5744.6243899592655
805,2017-03-16,5694.309041381374
806,2017-03-17,5628.803168448585
807,2017-03-18,5094.043381940108
808,2017-03-19,4989.828618047563
809,2017-03-20,5583.96983602905
810,2017-03-21,5648.030507637473
811,2017-03-22,5646.265859006079
812,2017-03-23,5596.990824575604
813,2017-03-24,5532.265928693524
814,2017-03-25,4997.999593189808
815,2017-03-26,4893.9794690991
816,2017-03-27,5488.022682131846
817,2017-03-28,5551.716264954932
818,2017-03-29,5549.355735591794
819,2017-03-30,5499.3118034271065
820,2017-03-31,5433.7144586374425
821,2017-04-01,4898.553001853981
822,2017-04-02,4793.704683007396
823,2017-04-03,5387.081932002673
824,2017-04-04,5450.369546301002
825,2017-04-05,5447.959903197075
826,2017-04-06,5398.316287415315
827,2017-04-07,5333.653700458512
828,2017-04-08,4800.035816372102
829,2017-04-09,4697.400854658596
830,2017-04-10,5293.706445368958
831,2017-04-11,5360.6649316420835
832,2017-04-12,5362.677242705965
833,2017-04-13,5318.195476354418
834,2017-04-14,5259.403587105186
835,2017-04-15,4732.314854985759
836,2017-04-16,4636.798896001504
837,2017-04-17,5240.728259925347
838,2017-04-18,5315.716012378702
839,2017-04-19,5326.052368427929
840,2017-04-20,5290.0704354373165
841,2017-04-21,5239.830366982781
842,2017-04-22,4721.220498197797
843,2017-04-23,4633.988111967624
844,2017-04-24,5245.88976636787
845,2017-04-25,5328.4324649620985
846,2017-04-26,5345.813625323619
847,2017-04-27,5316.2897985251275
848,2017-04-28,5271.863346636164
849,2017-04-29,4758.385566924877
850,2017-04-30,4675.5888462393195
851,2017-05-01,5291.23772780231
852,2017-05-02,5376.870143254392
853,2017-05-03,5396.73675687363
854,2017-05-04,5369.168386987358
855,2017-05-05,5326.260744342863
856,2017-05-06,4813.975028416608
857,2017-05-07,4732.167035498821
858,2017-05-08,5348.7347471951825
859,2017-05-09,5435.355752083155
860,2017-05-10,5456.422557943111
861,2017-05-11,5430.405877300807
862,2017-05-12,5389.535247578438
863,2017-05-13,4879.895648466753
864,2017-05-14,4801.452888449675
865,2017-05-15,5422.197840132667
866,2017-05-16,5513.880977664996
867,2017-05-17,5540.945360681578
868,2017-05-18,5521.888218368413
869,2017-05-19,5488.940547409184
870,2017-05-20,4988.163418908218
871,2017-05-21,4919.473777633262
872,2017-05-22,5550.789803216942
873,2017-05-23,5653.767255294516
874,2017-05-24,5692.734895414374
875,2017-05-25,5686.059068775193
876,2017-05-26,5665.826772225772
877,2017-05-27,5177.945802006454
878,2017-05-28,5122.174651725886
879,2017-05-29,5766.272109410182
880,2017-05-30,5881.737850538896
881,2017-05-31,5932.751994198496
882,2017-06-01,5937.543582914487
883,2017-06-02,5928.077196960336
884,2017-06-03,5450.156191306086
885,2017-06-04,5403.455133915712
886,2017-06-05,6055.671318756668
887,2017-06-06,6178.266593555468
888,2017-06-07,6235.40744806743
889,2017-06-08,6245.333232678674
890,2017-06-09,6240.0418766506355
891,2017-06-10,5765.391471534341
892,2017-06-11,5721.130424127802
893,2017-06-12,6375.046106755362
894,2017-06-13,6498.703331957127
895,2017-06-14,6556.3806843739
896,2017-06-15,6566.434769464782
897,2017-06-16,6560.981719558351
898,2017-06-17,6085.994601916956
899,2017-06-18,6041.329486172379
900,2017-06-19,6694.87024005756
901,2017-06-20,6818.2635000207265
902,2017-06-21,6875.851958805607
903,2017-06-22,6886.036125527477
904,2017-06-23,6880.953978238727
905,2017-06-24,6406.577214324327
906,2017-06-25,6362.736896068347
907,2017-06-26,7017.268578284394
908,2017-06-27,7141.748359987094
909,2017-06-28,7200.427975016217
910,2017-06-29,7211.599028132734
911,2017-06-30,7207.275727139614
912,2017-07-01,6733.294728462706
913,2017-07-02,6689.344789696915
914,2017-07-03,7343.116199331945
915,2017-07-04,7466.041299462605
916,2017-07-05,7522.23408450032
917,2017-07-06,7529.858848669869
918,2017-07-07,7520.817101210281
919,2017-07-08,7040.851241115124
920,2017-07-09,6989.577569132388
921,2017-07-10,7634.638504615688
922,2017-07-11,7747.445236822349
923,2017-07-12,7792.1187263360835
924,2017-07-13,7786.8589830577175
925,2017-07-14,7763.631815768825
926,2017-07-15,7268.271544369379
927,2017-07-16,7200.51227505969
928,2017-07-17,7828.137651287932
929,2017-07-18,7922.720376703383
930,2017-07-19,7948.559511901196
931,2017-07-20,7924.04557457737
932,2017-07-21,7881.342755206795
933,2017-07-22,7366.4868671006325
934,2017-07-23,7279.411765669974
935,2017-07-24,7888.094287203456
936,2017-07-25,7964.289139745586
937,2017-07-26,7972.461879008142
938,2017-07-27,7931.150121147027
939,2017-07-28,7872.642414027392
940,2017-07-29,7343.073479551348
941,2017-07-30,7242.448636947243
942,2017-07-31,7838.787511599477
943,2017-08-01,7903.858493783457
944,2017-08-02,7902.112088752081
945,2017-08-03,7852.043294802035
946,2017-08-04,7785.872392688537
947,2017-08-05,7249.642798652066
948,2017-08-06,7143.248710498568
949,2017-08-07,7734.582553037722
950,2017-08-08,7795.27357417195
951,2017-08-09,7789.625608522599
952,2017-08-10,7735.984012946944
953,2017-08-11,7666.42102128759
954,2017-08-12,7126.838034880841
955,2017-08-13,7016.997446936634
956,2017-08-14,7604.6738840536245
957,2017-08-15,7661.396105185595
958,2017-08-16,7651.387479245677
959,2017-08-17,7592.93496831349
960,2017-08-18,7518.075806868125
961,2017-08-19,6973.416258268326
962,2017-08-20,6858.015538816685
963,2017-08-21,7439.683797902827
964,2017-08-22,7490.006437220129
965,2017-08-23,7473.282244506288
966,2017-08-24,7407.88944763467
967,2017-08-25,7325.96897576493
968,2017-08-26,6773.523520836646
969,2017-08-27,6650.4451092634645
970,2017-08-28,7224.66121047826
971,2017-08-29,7267.8707931604595
972,2017-08-30,7244.4784429140045
973,2017-08-31,7172.956676877913
974,2017-09-01,7085.525863949348
975,2017-09-02,6528.2504536423285
976,2017-09-03,6401.06431754545
977,2017-09-04,6971.915305465922
978,2017-09-05,7012.5004815020575
979,2017-09-06,6987.200185322864
980,2017-09-07,6914.441061687705
981,2017-09-08,6826.377450077601
982,2017-09-09,6268.989796639403
983,2017-09-10,6142.112828649685
984,2017-09-11,6713.583508735051
985,2017-09-12,6754.980130503394
986,2017-09-13,6730.560581672323
987,2017-09-14,6658.629786390577
988,2017-09-15,6571.22557909113
989,2017-09-16,6014.221528563285
990,2017-09-17,5887.359309290304
991,2017-09-18,6458.400498920819
992,2017-09-19,6498.869034135731
993,2017-09-20,6472.992234762992
994,2017-09-21,6399.070308316397
995,2017-09-22,6309.163507803802
996,2017-09-23,5749.195404624783
997,2017-09-24,5618.984841394599
998,2017-09-25,6186.396437234004
999,2017-09-26,6223.080897943157
1000,2017-09-27,6193.413087182649
1001,2017-09-28,6115.857842250103
1002,2017-09-29,6022.652802025126
1003,2017-09-30,5459.906824407718
1004,2017-10-01,5327.6266912285955
1005,2017-10-02,5893.862120240547
1006,2017-10-03,5930.440493443959
1007,2017-10-04,5901.899419929037
1008,2017-10-05,5826.847279524727
1009,2017-10-06,5737.6411732567585
1010,2017-10-07,5180.481007549698
1011,2017-10-08,5055.432546369839
1012,2017-10-09,5630.56956967912
1013,2017-10-10,5677.706644996039
1014,2017-10-11,5661.330703624398
1015,2017-10-12,5599.96161446255
1016,2017-10-13,5525.831199746523
1017,2017-10-14,4984.979408774684
1018,2017-10-15,4877.280443689318
1019,2017-10-16,5470.588907123689
1020,2017-10-17,5536.477383160905
1021,2017-10-18,5539.173523421406
1022,2017-10-19,5496.9266901852025
1023,2017-10-20,5441.693442453316
1024,2017-10-21,4919.240409327213
1025,2017-10-22,4829.1771647265205
1026,2017-10-23,5439.108989653635
1027,2017-10-24,5520.380751647315
1028,2017-10-25,5537.019798147751
1029,2017-10-26,5507.107752456657
1030,2017-10-27,5462.470351417205
1031,2017-10-28,4948.783743169486
1032,2017-10-29,4865.609757379621
1033,2017-10-30,5480.549960034911
1034,2017-10-31,5564.989678050243
1035,2017-11-01,5583.039877054377
1036,2017-11-02,5552.906800482638
1037,2017-11-03,5506.578557607771
1038,2017-11-04,4989.927160887617
1039,2017-11-05,4902.7386329431165
1040,2017-11-06,5512.861129549454
1041,2017-11-07,5591.942419867013
1042,2017-11-08,5604.364781085891
1043,2017-11-09,5568.60740139331
1044,2017-11-10,5516.925674884506
1045,2017-11-11,4995.4460841318705
1046,2017-11-12,4904.189485499001
1047,2017-11-13,5511.212929076936
1048,2017-11-14,5588.34152669017
1049,2017-11-15,5600.09857906646
1050,2017-11-16,5565.064187434854
1051,2017-11-17,5515.551838251579
1052,2017-11-18,4997.701732594445
1053,2017-11-19,4911.503719709584
1054,2017-11-20,5524.939978287293
1055,2017-11-21,5609.718937480135
1056,2017-11-22,5630.20859472534
1057,2017-11-23,5604.799370472561
1058,2017-11-24,5565.585874453636
1059,2017-11-25,5058.466215230778
1060,2017-11-26,4983.171550751106
1061,2017-11-27,5607.415844224693
1062,2017-11-28,5702.637125457276
1063,2017-11-29,5732.938215547081
1064,2017-11-30,5716.45685399581
1065,2017-12-01,5685.054405539122
1066,2017-12-02,5184.421590188119
1067,2017-12-03,5114.113760253125
1068,2017-12-04,5741.705533746675
1069,2017-12-05,5838.535952673542
1070,2017-12-06,5868.6520193883125
1071,2017-12-07,5850.180475021904
1072,2017-12-08,5815.016954021159
1073,2017-12-09,5308.930947871046
1074,2017-12-10,5231.5991244483985
1075,2017-12-11,5850.756867480307
1076,2017-12-12,5937.939290497306
1077,2017-12-13,5957.419692678521
1078,2017-12-14,5927.5754600043365
1079,2017-12-15,5880.570706345456
1080,2017-12-16,5362.454264938649
1081,2017-12-17,5273.185765880056
1082,2017-12-18,5880.7798598593145
1083,2017-12-19,5957.040039461945
1084,2017-12-20,5966.490218122833
1085,2017-12-21,5927.734253286639
1086,2017-12-22,5873.132877071516
1087,2017-12-23,5348.896794452177
1088,2017-12-24,5255.108811079486
1089,2017-12-25,5859.865151025145
1090,2017-12-26,5935.00748677758
1091,2017-12-27,5945.053881805008
1092,2017-12-28,5908.558840702836
1093,2017-12-29,5857.791906985005
1094,2017-12-30,5338.833514370983
1095,2017-12-31,5251.600870382661
1096,2018-01-01,5863.993922560001
1097,2018-01-02,5947.632796235997
1098,2018-01-03,5966.794751253811
1099,2018-01-04,5939.780684555708
1100,2018-01-05,5898.600440231891
1101,2018-01-06,5389.07544907856
1102,2018-01-07,5310.871292439791
1103,2018-01-08,5931.650061552413
1104,2018-01-09,6022.813732009968
1105,2018-01-10,6048.446445886505
1106,2018-01-11,6026.685592179059
1107,2018-01-12,5989.4108330811105
1108,2018-01-13,5482.349509222443
1109,2018-01-14,5405.110956256136
1110,2018-01-15,6025.339575254758
1111,2018-01-16,6114.457865035674
1112,2018-01-17,6136.607342698187
1113,2018-01-18,6110.017292756623
1114,2018-01-19,6066.690573152601
1115,2018-01-20,5552.505014882985
1116,2018-01-21,5467.243072494721
1117,2018-01-22,6078.739704561356
1118,2018-01-23,6158.619853546184
1119,2018-01-24,6171.2336044367385
1120,2018-01-25,6135.019131046101
1121,2018-01-26,6082.1828205280935
1122,2018-01-27,5558.795269864615
1123,2018-01-28,5464.815958174286
1124,2018-01-29,6068.236706061811
1125,2018-01-30,6140.815405489935
1126,2018-01-31,6147.008192525828
1127,2018-02-01,6105.330241427214
1128,2018-02-02,6048.034615040558
1129,2018-02-03,5521.20788369758
1130,2018-02-04,5424.795308709111
1131,2018-02-05,6026.7456683801065
1132,2018-02-06,6098.7471524946895
1133,2018-02-07,6105.162417966747
1134,2018-02-08,6064.392884905721
1135,2018-02-09,6008.561592580715
1136,2018-02-10,5483.6131992850615
1137,2018-02-11,5389.3437853029645
1138,2018-02-12,5993.550395445153
1139,2018-02-13,6067.771605367077
1140,2018-02-14,6076.227066489242
1141,2018-02-15,6037.185978866706
1142,2018-02-16,5982.653693223114
1143,2018-02-17,5458.474922929916
1144,2018-02-18,5364.366139788163
1145,2018-02-19,5968.06702490546
1146,2018-02-20,6041.082215551714
1147,2018-02-21,6047.621282245956
1148,2018-02-22,6005.966888027775
1149,2018-02-23,5948.160356327776
1150,2018-02-24,5420.103175069877
1151,2018-02-25,5321.587077527704
1152,2018-02-26,5920.44265544941
1153,2018-02-27,5988.277844272102
1154,2018-02-28,5989.414325111951
1155,2018-03-01,5942.251913836534
1156,2018-03-02,5878.950286213527
1157,2018-03-03,5345.526689673316
1158,2018-03-04,5241.882401689569
1159,2018-03-05,5835.948002655484
1160,2018-03-06,5899.418904920503
1161,2018-03-07,5896.689270999284
1162,2018-03-08,5846.214463376529
1163,2018-03-09,5780.191428850447
1164,2018-03-10,5244.655702134557
1165,2018-03-11,5139.507802360441
1166,2018-03-12,5732.659083152439
1167,2018-03-13,5795.768450385741
1168,2018-03-14,5793.1780337456275
1169,2018-03-15,5743.27788994476
1170,2018-03-16,5678.189060496947
1171,2018-03-17,5143.863575897176
1172,2018-03-18,5040.114077165593
1173,2018-03-19,5634.763006322293
1174,2018-03-20,5699.382667792631
1175,2018-03-21,5698.234135410709
1176,2018-03-22,5649.634975571496
1177,2018-03-23,5585.645009679668
1178,2018-03-24,5052.168618708013
1179,2018-03-25,4948.986185246886
1180,2018-03-26,5543.904564920103
1181,2018-03-27,5608.497847124629
1182,2018-03-28,5607.046356744669
1183,2018-03-29,5557.8907629855985
1184,2018-03-30,5493.156040093448
1185,2018-03-31,4958.812807903991
1186,2018-04-01,4854.719711700884
1187,2018-04-02,5448.771297963461
1188,2018-04-03,5512.635831103255
1189,2018-04-04,5510.691098314949
1190,2018-04-05,5461.388273640764
1191,2018-04-06,5396.933189829886
1192,2018-04-07,4863.383667078048
1193,2018-04-08,4760.6756565615215
1194,2018-04-09,5356.768264173249
1195,2018-04-10,5423.379093563864
1196,2018-04-11,5424.91803905839
1197,2018-04-12,5379.849668790865
1198,2018-04-13,5320.373599357817
1199,2018-04-14,4792.521545650938
1200,2018-04-15,4696.183818979414
1201,2018-04-16,5299.255334237833
1202,2018-04-17,5373.372540650475
1203,2018-04-18,5382.849363041094
1204,2018-04-19,5346.04223235331
1205,2018-04-20,5295.0335291161055
1206,2018-04-21,4775.7320321456755
1207,2018-04-22,4687.903043275544
1208,2018-04-23,5299.318138679714
1209,2018-04-24,5381.495846656595
1210,2018-04-25,5398.641223163074
1211,2018-04-26,5369.01429074264
1212,2018-04-27,5324.616557542122
1213,2018-04-28,4811.294111075738
1214,2018-04-29,4728.76987233028
1215,2018-04-30,5344.794890679927
1216,2018-05-01,5430.8899267135685
1217,2018-05-02,5451.2852605124335
1218,2018-05-03,5424.288677447248
1219,2018-05-04,5381.970855281421
1220,2018-05-05,4870.266674913082
1221,2018-05-06,4789.005087855592
1222,2018-05-07,5406.057486945254
1223,2018-05-08,5493.075909987069
1224,2018-05-09,5514.429110672852
1225,2018-05-10,5488.56655697492
1226,2018-05-11,5447.699697044345
1227,2018-05-12,4937.899135857195
1228,2018-05-13,4859.1204776725035
1229,2018-05-14,5479.348900084897
1230,2018-05-15,5570.333902513741
1231,2018-05-16,5596.522366917108
1232,2018-05-17,5576.420081594062
1233,2018-05-18,5542.271143234557
1234,2018-05-19,5040.153937692409
1235,2018-05-20,4970.006492152863
1236,2018-05-21,5599.771281210292
1237,2018-05-22,5701.130925055808
1238,2018-05-23,5738.442891513403
1239,2018-05-24,5730.103306148583
1240,2018-05-25,5708.22921963637
1241,2018-05-26,5218.757949511341
1242,2018-05-27,5161.476190655253
1243,2018-05-28,5804.168866701541
1244,2018-05-29,5918.359041426601
1245,2018-05-30,5968.246877475423
1246,2018-05-31,5972.077620816236
1247,2018-06-01,5961.82783640406
1248,2018-06-02,5483.30839452442
1249,2018-06-03,5436.196793938605
1250,2018-06-04,6088.188698599555
1251,2018-06-05,6210.739927175587
1252,2018-06-06,6268.00682105406
1253,2018-06-07,6278.214927458558
1254,2018-06-08,6273.345202730468
1255,2018-06-09,5799.236236719008
1256,2018-06-10,5755.615107891891
1257,2018-06-11,6410.090375369525
1258,2018-06-12,6534.3605884228
1259,2018-06-13,6592.68216908834
1260,2018-06-14,6603.390856094672
1261,2018-06-15,6598.583950105979
1262,2018-06-16,6124.218397390125
1263,2018-06-17,6080.13744827255
1264,2018-06-18,6734.215940707862
1265,2018-06-19,6858.095640098621
1266,2018-06-20,6916.118765378565
1267,2018-06-21,6926.689848840723
1268,2018-06-22,6921.955345681547
1269,2018-06-23,6447.899698934785
1270,2018-06-24,6404.370661720909
1271,2018-06-25,7059.223972440588
1272,2018-06-26,7184.058837589158
1273,2018-06-27,7243.152353292231
1274,2018-06-28,7254.82299143063
1275,2018-06-29,7251.112522707804
1276,2018-06-30,6777.885017814243
1277,2018-07-01,6734.855645111558
1278,2018-07-02,7389.739260356763
1279,2018-07-03,7513.990129343634
1280,2018-07-04,7571.740790455855
1281,2018-07-05,7581.170052148573
1282,2018-07-06,7574.189364076918
1283,2018-07-07,7096.546070497306
1284,2018-07-08,7047.856136895785
1285,2018-07-09,7695.756226774342
1286,2018-07-10,7811.6463632801215
1287,2018-07-11,7859.631092067537
1288,2018-07-12,7857.889068151837
1289,2018-07-13,7838.360253725991
1290,2018-07-14,7346.84920593654
1291,2018-07-15,7283.057039017403
1292,2018-07-16,7914.73195446451
1293,2018-07-17,8013.409613595893
1294,2018-07-18,8043.35133032289
1295,2018-07-19,8022.910088364434
1296,2018-07-20,7984.213669020015
1297,2018-07-21,7473.263482455748
1298,2018-07-22,7389.961812302934
1299,2018-07-23,8002.257500524474
1300,2018-07-24,8081.8814839600345
1301,2018-07-25,8093.280297432256
1302,2018-07-26,8054.977680451504
1303,2018-07-27,7999.253698424494
1304,2018-07-28,7472.240084327469
1305,2018-07-29,7373.94460860483
1306,2018-07-30,7972.3945841814275
1307,2018-07-31,8039.370977674636
1308,2018-08-01,8039.3412791965
1309,2018-08-02,7990.821282147579
1310,2018-08-03,7926.05517464082
1311,2018-08-04,7391.112615927632
1312,2018-08-05,7285.915550650578
1313,2018-08-06,7878.384792183829
1314,2018-08-07,7940.177752085106
1315,2018-08-08,7935.62535834615
1316,2018-08-09,7883.098191851548
1317,2018-08-10,7814.691111946899
1318,2018-08-11,7276.324909041192
1319,2018-08-12,7167.77760084759
1320,2018-08-13,7756.835270755624
1321,2018-08-14,7815.03369984034
1322,2018-08-15,7806.598720916283
1323,2018-08-16,7749.815224215465
1324,2018-08-17,7676.714003386052
1325,2018-08-18,7133.174917514342
1326,2018-08-19,7018.958945490981
1327,2018-08-20,7601.8590139711805
1328,2018-08-21,7653.440856908746
1329,2018-08-22,7637.98186488461
1330,2018-08-23,7573.837906191449
1331,2018-08-24,7492.47990643966
1332,2018-08-25,6940.536130526964
1333,2018-08-26,6817.8780988773915
1334,2018-08-27,7392.414891984056
1335,2018-08-28,7435.829854518399
1336,2018-08-29,7412.515266805871
1337,2018-08-30,7340.93510082833
1338,2018-08-31,7253.305254606791
1339,2018-09-01,6695.689957081205
1340,2018-09-02,6568.0271408493645
1341,2018-09-03,7138.272882791014
1342,2018-09-04,7178.136380369164
1343,2018-09-05,7152.013616001286
1344,2018-09-06,7078.349864080043
1345,2018-09-07,6989.320448058101
1346,2018-09-08,6430.928429013766
1347,2018-09-09,6303.031988161892
1348,2018-09-10,6873.491545176397
1349,2018-09-11,6913.908000319331
1350,2018-09-12,6888.5601536283175
1351,2018-09-13,6815.771340114402
1352,2018-09-14,6727.594559740834
1353,2018-09-15,6169.914645730906
1354,2018-09-16,6042.480090734182
1355,2018-09-17,6613.05442907963
1356,2018-09-18,6653.158423104925
1357,2018-09-19,6627.010974816216
1358,2018-09-20,6552.898681923819
1359,2018-09-21,6462.863213017278
1360,2018-09-22,5902.804960645076
1361,2018-09-23,5772.515529106965
1362,2018-09-24,6339.828916633267
1363,2018-09-25,6376.362627113315
1364,2018-09-26,6346.456646096793
1365,2018-09-27,6268.540239973161
1366,2018-09-28,6174.815818333278
1367,2018-09-29,5611.358407398941
1368,2018-09-30,5478.1434018912405
1369,2018-10-01,6043.192584111584
1370,2018-10-02,6078.309789311105
1371,2018-10-03,6048.014306917732
1372,2018-10-04,5970.902137690173
1373,2018-10-05,5879.324509797625
1374,2018-10-06,5319.482361647611
1375,2018-10-07,5191.449611098154
1376,2018-10-08,5763.315339767163
1377,2018-10-09,5806.916395019117
1378,2018-10-10,5786.768602376948
1379,2018-10-11,5721.42678806343
1380,2018-10-12,5643.163068206433
1381,2018-10-13,5098.0621380446655
1382,2018-10-14,4986.04637722586
1383,2018-10-15,5575.020867061305
1384,2018-10-16,5636.609760754923
1385,2018-10-17,5635.092110474012
1386,2018-10-18,5588.76723708785
1387,2018-10-19,5529.638963063005
1388,2018-10-20,5003.517287393201
1389,2018-10-21,4910.050149854326
1390,2018-10-22,5516.875202035305
1391,2018-10-23,5595.362842965398
1392,2018-10-24,5609.558440479773
1393,2018-10-25,5577.553646881523
1394,2018-10-26,5531.175962769921
1395,2018-10-27,5016.0949765834075
1396,2018-10-28,4931.857795581317
1397,2018-10-29,5546.043477667517
1398,2018-10-30,5630.007640651503
1399,2018-10-31,5647.8251180783245
1400,2018-11-01,5617.660549117095
1401,2018-11-02,5571.456067043823
1402,2018-11-03,5055.034556184144
1403,2018-11-04,4968.131066041911
1404,2018-11-05,5578.5422939155815
1405,2018-11-06,5657.6216299038115
1406,2018-11-07,5669.946838072767
1407,2018-11-08,5633.952323472022
1408,2018-11-09,5581.853440785981
1409,2018-11-10,5059.742453714501
1410,2018-11-11,4967.612741347191
1411,2018-11-12,5573.501358050602
1412,2018-11-13,5649.221439759763
1413,2018-11-14,5659.292652754455
1414,2018-11-15,5622.299900983029
1415,2018-11-16,5570.569777639263
1416,2018-11-17,5050.26353576883
1417,2018-11-18,4961.399446788993
1418,2018-11-19,5571.994705881084
1419,2018-11-20,5653.798397054508
1420,2018-11-21,5671.223700826687
1421,2018-11-22,5642.709514592683
1422,2018-11-23,5600.400893822547
1423,2018-11-24,5090.246981768604
1424,2018-11-25,5012.029162868903
1425,2018-11-26,5633.509442132544
1426,2018-11-27,5726.170387990931
1427,2018-11-28,5754.154632346367
1428,2018-11-29,5735.633900043164
1429,2018-11-30,5702.4967748117015
1430,2018-12-01,5200.453670580259
1431,2018-12-02,5129.071552352286
1432,2018-12-03,5755.928230895303
1433,2018-12-04,5852.357408683416
1434,2018-12-05,5882.3923329629115
1435,2018-12-06,5864.137916443893
1436,2018-12-07,5829.4604499693205
1437,2018-12-08,5324.093324715221
1438,2018-12-09,5247.671289404454
1439,2018-12-10,5867.883081261793
1440,2018-12-11,5956.213655181759
1441,2018-12-12,5976.883945412776
1442,2018-12-13,5948.21812763336
1443,2018-12-14,5902.327639234693
1444,2018-12-15,5385.210531057219
1445,2018-12-16,5296.778849704392
1446,2018-12-17,5905.004075837922
1447,2018-12-18,5981.652037595208
1448,2018-12-19,5991.215430521136
1449,2018-12-20,5952.2741061845445
1450,2018-12-21,5897.172573286234
1451,2018-12-22,5372.113457235506
1452,2018-12-23,5277.179772067211
1453,2018-12-24,5880.476162693384
1454,2018-12-25,5953.860643584111
1455,2018-12-26,5961.875043721261
1456,2018-12-27,5923.104368059296
1457,2018-12-28,5869.854535721115
1458,2018-12-29,5348.247225562536
1459,2018-12-30,5258.244636401735
1460,2018-12-31,5867.794243707129
1461,2019-01-01,5948.564975218244
1462,2019-01-02,5964.882887506572
1463,2019-01-03,5935.096405234823
1464,2019-01-04,5891.260418637411
1465,2019-01-05,5379.2377934946035
1466,2019-01-06,5298.730917967739
1467,2019-01-07,5917.433183604918
1468,2019-01-08,6006.771642205743
1469,2019-01-09,6030.848748340776
1470,2019-01-10,6007.813090404647
1471,2019-01-11,5969.548264454295
1472,2019-01-12,5461.778325181087
1473,2019-01-13,5384.102342926923
1474,2019-01-14,6004.147895499638
1475,2019-01-15,6093.314696363339
1476,2019-01-16,6115.716258250318
1477,2019-01-17,6089.5495135146975
1478,2019-01-18,6046.781592381427
1479,2019-01-19,5533.173155231922
1480,2019-01-20,5448.54646492739
1481,2019-01-21,6060.69702896103
1482,2019-01-22,6141.211268179275
1483,2019-01-23,6154.402702473682
1484,2019-01-24,6118.675846225294
1485,2019-01-25,6066.207178730476
1486,2019-01-26,5543.041861447329
1487,2019-01-27,5449.118987892229
1488,2019-01-28,6052.415463824245
1489,2019-01-29,6124.6799922942955
1490,2019-01-30,6130.365331977159
1491,2019-01-31,6087.989008230967
1492,2019-02-01,6029.8119177225135
1493,2019-02-02,5501.933549276099
1494,2019-02-03,5404.316631762543
1495,2019-02-04,6004.931305412843
1496,2019-02-05,6075.490264137481
1497,2019-02-06,6080.382985634454
1498,2019-02-07,6038.0391543620935
1499,2019-02-08,5980.610623630656
1500,2019-02-09,5454.070527706019
1501,2019-02-10,5358.242229382195
1502,2019-02-11,5960.948064287719
1503,2019-02-12,6033.749188829442
1504,2019-02-13,6040.884506436344
1505,2019-02-14,6000.638638012688
1506,2019-02-15,5945.0281505433395
1507,2019-02-16,5419.904533276222
1508,2019-02-17,5324.9864996261185
1509,2019-02-18,5928.01148607919
1510,2019-02-19,6000.477584507584
1511,2019-02-20,6006.58383374248
1512,2019-02-21,5964.598809944057
1513,2019-02-22,5906.546726555678
1514,2019-02-23,5378.309552890586
1515,2019-02-24,5279.657771083671
1516,2019-02-25,5878.399704564191
1517,2019-02-26,5946.120734585126
1518,2019-02-27,5947.120426160995
1519,2019-02-28,5899.777610851069
1520,2019-03-01,5836.232753903168
1521,2019-03-02,5302.486236671126
1522,2019-03-03,5198.425297234035
1523,2019-03-04,5791.969683053711
1524,2019-03-05,5854.80744668388
1525,2019-03-06,5851.329010658427
1526,2019-03-07,5799.989640957791
1527,2019-03-08,5732.989732959687
1528,2019-03-09,5196.371599441689
1529,2019-03-10,5090.04554278556
1530,2019-03-11,5681.935284052622
1531,2019-03-12,5743.714177920878
1532,2019-03-13,5739.740317081011
1533,2019-03-14,5688.420623291943
1534,2019-03-15,5621.8932686708695
1535,2019-03-16,5086.127040369723
1536,2019-03-17,4980.950340880788
1537,2019-03-18,5574.199796064711
1538,2019-03-19,5637.459792106096
1539,2019-03-20,5635.000933280155
1540,2019-03-21,5585.147405783376
1541,2019-03-22,5519.962482537891
1542,2019-03-23,4985.350680178919
1543,2019-03-24,4881.0891684607595
1544,2019-03-25,5474.9783250180935
1545,2019-03-26,5538.5826928050365
1546,2019-03-27,5536.170285519886
1547,2019-03-28,5486.080198388354
1548,2019-03-29,5420.407750922453
1549,2019-03-30,4885.105684338102
1550,2019-03-31,4780.014044746409
1551,2019-04-01,5373.008694300512
1552,2019-04-02,5435.551716281167
1553,2019-04-03,5432.192027351358
1554,2019-04-04,5381.365672911654
1555,2019-04-05,5315.26570863944
1556,2019-04-06,4779.940011790658
1557,2019-04-07,4675.317821402209
1558,2019-04-08,5269.355059283534
1559,2019-04-09,5333.769860402503
1560,2019-04-10,5332.976436218392
1561,2019-04-11,5285.447407904719
1562,2019-04-12,5223.394011140518
1563,2019-04-13,4692.862860300364
1564,2019-04-14,4593.762052982984
1565,2019-04-15,5194.00668687295
1566,2019-04-16,5265.255217873237
1567,2019-04-17,5271.8447634488575
1568,2019-04-18,5232.1554491298075
1569,2019-04-19,5178.293142624193
1570,2019-04-20,4656.189189530272
1571,2019-04-21,4565.629843443861
1572,2019-04-22,5174.40536255958
1573,2019-04-23,5254.050093221371
1574,2019-04-24,5268.781530434758
1575,2019-04-25,5236.868337600553
1576,2019-04-26,5190.316555822275
1577,2019-04-27,4674.972507961723
1578,2019-04-28,4590.55498994387
1579,2019-04-29,5204.806632870609
1580,2019-04-30,5289.235682251111
1581,2019-05-01,5308.056127140238
1582,2019-05-02,5279.5561227548515
1583,2019-05-03,5235.783918267657
1584,2019-05-04,4722.649796846391
1585,2019-05-05,4639.9566430189325
1586,2019-05-06,5255.549063564737
1587,2019-05-07,5341.052369801671
1588,2019-05-08,5360.809432719639
1589,2019-05-09,5333.245448035369
1590,2019-05-10,5290.549928455239
1591,2019-05-11,4778.77454474455
1592,2019-05-12,4697.859550766809
1593,2019-05-13,5315.778840729203
1594,2019-05-14,5404.275066817736
1595,2019-05-15,5427.792943671182
1596,2019-05-16,5404.840882936359
1597,2019-05-17,5367.670369346657
1598,2019-05-18,4862.371779158393
1599,2019-05-19,4788.899438004499
1600,2019-05-20,5415.216009053965
1601,2019-05-21,5513.027661694365
1602,2019-05-22,5546.718147891832
1603,2019-05-23,5534.711908754195
1604,2019-05-24,5509.155581126505
1605,2019-05-25,5016.016543767825
1606,2019-05-26,4955.111220940464
1607,2019-05-27,5594.253139487285
1608,2019-05-28,5704.992081973157
1609,2019-05-29,5751.552345790755
1610,2019-05-30,5752.200107357324
1611,2019-05-31,5738.929135378849
1612,2019-06-01,5257.563368165162
1613,2019-06-02,5207.788953309649
1614,2019-06-03,5857.305634916183
1615,2019-06-04,5977.568732012065
1616,2019-06-05,6032.729634121356
1617,2019-06-06,6041.00474666536
1618,2019-06-07,6034.362083312046
1619,2019-06-08,5558.623994392321
1620,2019-06-09,5513.498625673455
1621,2019-06-10,6166.730010680061
1622,2019-06-11,6289.838079753598
1623,2019-06-12,6347.056571729334
1624,2019-06-13,6356.698859557434
1625,2019-06-14,6350.840981910751
1626,2019-06-15,5875.286347137422
1627,2019-06-16,5829.995479139536
1628,2019-06-17,6482.829521092673
1629,2019-06-18,6605.420221754738
1630,2019-06-19,6662.103861696608
1631,2019-06-20,6671.283385220668
1632,2019-06-21,6665.108144881964
1633,2019-06-22,6189.5699592371
1634,2019-06-23,6144.528284971582
1635,2019-06-24,6797.854602586567
1636,2019-06-25,6921.167478008608
1637,2019-06-26,6978.76644299176
1638,2019-06-27,6988.9948355081215
1639,2019-06-28,6983.920991107273
1640,2019-06-29,6509.436447633894
1641,2019-06-30,6465.283905044514
1642,2019-07-01,7119.204960497482
1643,2019-07-02,7242.678984915913
1644,2019-07-03,7299.861173183674
1645,2019-07-04,7308.949787322501
1646,2019-07-05,7301.871854110189
1647,2019-07-06,6824.385846223527
1648,2019-07-07,6776.113955454386
1649,2019-07-08,7424.693849101948
1650,2019-07-09,7541.52115456143
1651,2019-07-10,7590.690594679682
1652,2019-07-11,7590.365698447161
1653,2019-07-12,7572.466271404328
1654,2019-07-13,7082.772097806621
1655,2019-07-14,7020.955447821665
1656,2019-07-15,7654.732268477965
1657,2019-07-16,7755.603314342625
1658,2019-07-17,7787.7931744756315
1659,2019-07-18,7769.617176404951
1660,2019-07-19,7733.165428127739
1661,2019-07-20,7224.402565173423
1662,2019-07-21,7143.19588655098
1663,2019-07-22,7757.461881179854
1664,2019-07-23,7838.90253241929
1665,2019-07-24,7851.939493777625
1666,2019-07-25,7815.076253943942
1667,2019-07-26,7760.577686416387
1668,2019-07-27,7234.565677897299
1669,2019-07-28,7137.043635568878
1670,2019-07-29,7736.039976845612
1671,2019-07-30,7803.342073930727
1672,2019-07-31,7803.428811141352
1673,2019-08-01,7754.8319163740325
1674,2019-08-02,7689.815482166617
1675,2019-08-03,7154.472367185634
1676,2019-08-04,7048.750251413717
1677,2019-08-05,7640.597399181899
1678,2019-08-06,7701.699531693907
1679,2019-08-07,7696.415877343842
1680,2019-08-08,7643.144455096042
1681,2019-08-09,7574.005887135649
1682,2019-08-10,7034.944302712507
1683,2019-08-11,6925.757971809258
1684,2019-08-12,7514.249586363884
1685,2019-08-13,7571.967456668461
1686,2019-08-14,7563.145563595163
1687,2019-08-15,7506.072404432569
1688,2019-08-16,7432.777824847225
1689,2019-08-17,6889.136312009262
1690,2019-08-18,6774.899320090826
1691,2019-08-19,7357.846499960047
1692,2019-08-20,7409.527077641027
1693,2019-08-21,7394.199322669516
1694,2019-08-22,7330.1980682256235
1695,2019-08-23,7249.619522378196
1696,2019-08-24,6698.421913752551
1697,2019-08-25,6576.454630384921
1698,2019-08-26,7151.605827787285
1699,2019-08-27,7195.5398684626925
1700,2019-08-28,7172.632653826479
1701,2019-08-29,7101.334982583268
1702,2019-08-30,7013.853232925809
1703,2019-08-31,6456.246122303331
1704,2019-09-01,6328.450291506317
1705,2019-09-02,6898.4248131338145
1706,2019-09-03,6937.886089008319
1707,2019-09-04,6911.2412903572485
1708,2019-09-05,6836.950501290113
1709,2019-09-06,6747.206983476911
1710,2019-09-07,6188.034258011282
1711,2019-09-08,6059.312785270572
1712,2019-09-09,6628.926306204856
1713,2019-09-10,6668.499257132916
1714,2019-09-11,6642.333337307906
1715,2019-09-12,6568.773295210598
1716,2019-09-13,6479.891239679579
1717,2019-09-14,5921.588046126673
1718,2019-09-15,5793.624502696977
1719,2019-09-16,6363.7721177539215
1720,2019-09-17,6403.554856876675
1721,2019-09-18,6377.1897473159315
1722,2019-09-19,6302.956281477849
1723,2019-09-20,6212.883802230101
1724,2019-09-21,5652.855331978751
1725,2019-09-22,5522.640400486464
1726,2019-09-23,6090.046724359078
1727,2019-09-24,6126.661961626714
1728,2019-09-25,6096.793459990509
1729,2019-09-26,6018.835937204344
1730,2019-09-27,5924.956309675319
1731,2019-09-28,5361.1941902563985
1732,2019-09-29,5227.49069355424
1733,2019-09-30,5791.83550712495
1734,2019-10-01,5826.003576762481
1735,2019-10-02,5794.489465050227
1736,2019-10-03,5715.8694741228865
1737,2019-10-04,5622.48090876707
1738,2019-10-05,5060.517163802616
1739,2019-10-06,4930.051435214698
1740,2019-10-07,5499.17916802403
1741,2019-10-08,5539.750732554258
1742,2019-10-09,5516.302516219665
1743,2019-10-10,5447.416630395907
1744,2019-10-11,5365.398694283338
1745,2019-10-12,4816.372439964055
1746,2019-10-13,4700.303970788998
1747,2019-10-14,5285.14578984715
1748,2019-10-15,5342.572064626117
1749,2019-10-16,5336.913260518019
1750,2019-10-17,5286.52026049074
1751,2019-10-18,5223.447324958057
1752,2019-10-19,4693.552505232656
1753,2019-10-20,4596.528192471477
1754,2019-10-21,5200.051753221941
1755,2019-10-22,5275.527541234563
1756,2019-10-23,5287.028235695769
1757,2019-10-24,5252.665439889436
1758,2019-10-25,5204.27871520294
1759,2019-10-26,4687.541494125369
1760,2019-10-27,4601.996398562343
1761,2019-10-28,5215.209777683493
1762,2019-10-29,5298.516640735337
1763,2019-10-30,5315.963846733142
1764,2019-10-31,5285.681425594437
1765,2019-11-01,5239.571176674194
1766,2019-11-02,4723.4109910696825
1767,2019-11-03,4636.88745847614
1768,2019-11-04,5247.746638288546
1769,2019-11-05,5327.534265246205
1770,2019-11-06,5340.533373384053
1771,2019-11-07,5305.12935836127
1772,2019-11-08,5253.491789533124
1773,2019-11-09,4731.67159884279
1774,2019-11-10,4639.626396063067
1775,2019-11-11,5245.363998459061
1776,2019-11-12,5320.675617211438
1777,2019-11-13,5330.066898934189
1778,2019-11-14,5292.117009869867
1779,2019-11-15,5239.155240190117
1780,2019-11-16,4717.353898606658
1781,2019-11-17,4626.750367880861
1782,2019-11-18,5235.388488021613
1783,2019-11-19,5315.0507939402005
1784,2019-11-20,5330.1898099572745
1785,2019-11-21,5299.288595909328
1786,2019-11-22,5254.539982026652
1787,2019-11-23,4741.943192953264
1788,2019-11-24,4661.330631536033
1789,2019-11-25,5280.51486182447
1790,2019-11-26,5371.027166722614
1791,2019-11-27,5397.055711619094
1792,2019-11-28,5376.813322520638
1793,2019-11-29,5342.2241196648365
1794,2019-11-30,4839.027506201038
1795,2019-12-01,4766.81208266728
1796,2019-12-02,5393.169333279136
1797,2019-12-03,5489.438277719707
1798,2019-12-04,5519.648954768475
1799,2019-12-05,5501.894602526223
1800,2019-12-06,5468.02165763093
1801,2019-12-07,4963.735982848626
1802,2019-12-08,4888.637834448666
1803,2019-12-09,5510.3753884040725
1804,2019-12-10,5600.388025304818
1805,2019-12-11,5622.847279325394
1806,2019-12-12,5596.025386727475
1807,2019-12-13,5551.980656720338
1808,2019-12-14,5036.658201314569
1809,2019-12-15,4949.918686091491
1810,2019-12-16,5559.68509052998
1811,2019-12-17,5637.678861684999
1812,2019-12-18,5648.353559683653
1813,2019-12-19,5610.25612757518
1814,2019-12-20,5555.705203801225
1815,2019-12-21,5030.88520250848
1816,2019-12-22,4935.869000115766
1817,2019-12-23,5538.759376454327
1818,2019-12-24,5611.420732717454
1819,2019-12-25,5618.409298393301
1820,2019-12-26,5578.332045476726
1821,2019-12-27,5523.523784039483
1822,2019-12-28,5000.141188774164
1823,2019-12-29,4908.186587490591
1824,2019-12-30,5515.65162100136
1825,2019-12-31,5594.252227676242
1826,2020-01-01,5608.363067779835
1827,2020-01-02,5576.381483808912
1828,2020-01-03,5530.4103271968
1829,2020-01-04,5016.358239936119
1830,2020-01-05,4933.970048173742
1831,2020-01-06,5550.977195489769
1832,2020-01-07,5638.839484510644
1833,2020-01-08,5661.686059827191
1834,2020-01-09,5637.685553602436
1835,2020-01-10,5598.734561613577
1836,2020-01-11,5090.562892219441
1837,2020-01-12,5012.768119761224
1838,2020-01-13,5632.969268221145
1839,2020-01-14,5722.550818386101
1840,2020-01-15,5745.604924128095
1841,2020-01-16,5720.30174105725
1842,2020-01-17,5678.577046508973
1843,2020-01-18,5166.2356332541385
1844,2020-01-19,5082.983075565959
1845,2020-01-20,5696.575785639717
1846,2020-01-21,5778.560667855372
1847,2020-01-22,5793.2123893885755
1848,2020-01-23,5759.411089953578
1849,2020-01-24,5708.786007218969
1850,2020-01-25,5187.351384091847
1851,2020-01-26,5095.019700470606
1852,2020-01-27,5699.746168269506
1853,2020-01-28,5773.263177501014
1854,2020-01-29,5780.012851778296
1855,2020-01-30,5738.507887447531
1856,2020-01-31,5681.010116981094
1857,2020-02-01,5153.625523930987
1858,2020-02-02,5056.328529624319
1859,2020-02-03,5657.105661655357
1860,2020-02-04,5727.690069375793
1861,2020-02-05,5732.495024016101
1862,2020-02-06,5689.976532104124
1863,2020-02-07,5632.3144338588645
1864,2020-02-08,5105.510624084814
1865,2020-02-09,5009.417107961188
1866,2020-02-10,5611.883879465638
1867,2020-02-11,5684.49795457771
1868,2020-02-12,5691.521557198103
1869,2020-02-13,5651.2594443166945
1870,2020-02-14,5595.74460178627
1871,2020-02-15,5070.8408138480845
1872,2020-02-16,4976.274694273866
1873,2020-02-17,5579.787055722563
1874,2020-02-18,5652.874854870734
1875,2020-02-19,5659.731635722111
1876,2020-02-20,5618.616403217402
1877,2020-02-21,5561.540126482464
1878,2020-02-22,5034.368365891227
1879,2020-02-23,4936.852625771959
1880,2020-02-24,5536.780345625807
1881,2020-02-25,5605.714824342139
1882,2020-02-26,5607.9330756643585
1883,2020-02-27,5561.79163893162
1884,2020-02-28,5499.409649576753
1885,2020-02-29,4966.767778387555
1886,2020-03-01,4863.735762325661
1887,2020-03-02,5458.218562975193
1888,2020-03-03,5521.892568773027
1889,2020-03-04,5519.139955655388
1890,2020-03-05,5468.411337629415
1891,2020-03-06,5401.9061072093755
1892,2020-03-07,4865.669155234683
1893,2020-03-08,4759.616756113689
1894,2020-03-09,5351.681698787323
1895,2020-03-10,5413.549103550898
1896,2020-03-11,5409.591042530119
1897,2020-03-12,5358.230077917491
1898,2020-03-13,5291.621080445767
1899,2020-03-14,4755.749961686575
1900,2020-03-15,4650.462033588056
1901,2020-03-16,5243.609988737829
1902,2020-03-17,5306.792843315819
1903,2020-03-18,5304.2938542012225
1904,2020-03-19,5254.44741328444
1905,2020-03-20,5189.324169247151
1906,2020-03-21,4654.832900555372
1907,2020-03-22,4550.751749192291
1908,2020-03-23,5144.87871377574
1909,2020-03-24,5208.772661469987
1910,2020-03-25,5206.69280220872
1911,2020-03-26,5156.966577229404
1912,2020-03-27,5091.675179537308
1913,2020-03-28,4556.755216800192
1914,2020-03-29,4452.02913273734
1915,2020-03-30,5045.3543117623185
1916,2020-03-31,5108.362171064498
1917,2020-04-01,5105.395245699579
1918,2020-04-02,5054.872295998165
1919,2020-04-03,4988.9707450570095
1920,2020-04-04,4453.725056909486
1921,2020-04-05,4349.053778322163
1922,2020-04-06,4942.9052793148585
1923,2020-04-07,5006.993606747385
1924,2020-04-08,5005.732563293565
1925,2020-04-09,4957.598140762649
1926,2020-04-10,4894.808705177295
1927,2020-04-11,4363.4216208484895
1928,2020-04-12,4263.359097605872
1929,2020-04-13,4862.553340134481
1930,2020-04-14,4932.6824387393235
1931,2020-04-15,4938.105119161509
1932,2020-04-16,4897.224465751941
1933,2020-04-17,4842.169981196412
1934,2020-04-18,4318.896617203648
1935,2020-04-19,4227.21349046007
1936,2020-04-20,4834.9322779804215
1937,2020-04-21,4913.606633969732
1938,2020-04-22,4927.4706391547015
1939,2020-04-23,4894.806284034747
1940,2020-04-24,4847.6292336354445
1941,2020-04-25,4331.791393370013
1942,2020-04-26,4247.012879841843
1943,2020-04-27,4861.033287985188
1944,2020-04-28,4945.353504925837
1945,2020-04-29,4964.1760035021725
1946,2020-04-30,4935.773555290856
1947,2020-05-01,4892.17556722262
1948,2020-05-02,4379.270537660164
1949,2020-05-03,4296.83723249636
1950,2020-05-04,4912.694490110384
1951,2020-05-05,4998.440943260362
1952,2020-05-06,5018.392647858061
1953,2020-05-07,4990.948633018199
1954,2020-05-08,4948.273666528457
1955,2020-05-09,4436.396834441915
1956,2020-05-10,4355.238647967644
1957,2020-05-11,4972.756705506844
1958,2020-05-12,5060.681319826226
1959,2020-05-13,5083.449221380358
1960,2020-05-14,5059.565468845379
1961,2020-05-15,5021.282969704012
1962,2020-05-16,4514.6983070211445
1963,2020-05-17,4439.776668788388
1964,2020-05-18,5064.495974139907
1965,2020-05-19,5160.581654033393
1966,2020-05-20,5192.4402246632335
1967,2020-05-21,5178.521790798453
1968,2020-05-22,5151.000866433839
1969,2020-05-23,4655.87417246421
1970,2020-05-24,4592.988151221609
1971,2020-05-25,5230.186217258715
1972,2020-05-26,5339.047110784125
1973,2020-05-27,5383.822387333865
1974,2020-05-28,5382.8030656667715
1975,2020-05-29,5368.00469910169
1976,2020-05-30,4885.26940437978
1977,2020-05-31,4834.297462710815
1978,2020-06-01,5482.798391178731
1979,2020-06-02,5602.23273761803
1980,2020-06-03,5656.752530281981
1981,2020-06-04,5664.570316351159
1982,2020-06-05,5657.6459834809175
1983,2020-06-06,5181.789846546131
1984,2020-06-07,5136.694583015701
1985,2020-06-08,5790.085905629144
1986,2020-06-09,5913.463237985909
1987,2020-06-10,5971.038358619726
1988,2020-06-11,5981.102002577304
1989,2020-06-12,5975.707688843232
1990,2020-06-13,5500.771346891134
1991,2020-06-14,5456.099431197226
1992,2020-06-15,6109.535528972818
1993,2020-06-16,6232.696850994556
1994,2020-06-17,6289.908699401754
1995,2020-06-18,6299.567029866579
1996,2020-06-19,6293.818501231635
1997,2020-06-20,5818.6567031491995
1998,2020-06-21,5773.947356801765
1999,2020-06-22,6427.572586047196
2000,2020-06-23,6551.165723788858
2001,2020-06-24,6609.044803163558
2002,2020-06-25,6619.574885467677
2003,2020-06-26,6614.848630309941
2004,2020-06-27,6140.783788218165
2005,2020-06-28,6097.150378068124
2006,2020-06-29,6751.717592403471
2007,2020-06-30,6875.991821183261
2008,2020-07-01,6934.153851390378
2009,2020-07-02,6944.425287089588
2010,2020-07-03,6938.7534760261115
2011,2020-07-04,6462.913495040729
2012,2020-07-05,6416.53982393971
2013,2020-07-06,7067.2776172961185
2014,2020-07-07,7186.524834269152
2015,2020-07-08,7238.373160323203
2016,2020-07-09,7240.97765269682
2017,2020-07-10,7226.244296878403
2018,2020-07-11,6739.933944662682
2019,2020-07-12,6681.695201160733
2020,2020-07-13,7319.216129411912
2021,2020-07-14,7423.96601450171
2022,2020-07-15,7460.135126188797
2023,2020-07-16,7446.002440176032
2024,2020-07-17,7413.620556030972
2025,2020-07-18,6908.916354016965
2026,2020-07-19,6831.720048882183
2027,2020-07-20,7449.912616155158
2028,2020-07-21,7535.162952996997
2029,2020-07-22,7551.862842414352
2030,2020-07-23,7518.48981663843
2031,2020-07-24,7467.2872952513835
2032,2020-07-25,6944.360675741109
2033,2020-07-26,6849.702163802711
2034,2020-07-27,7451.334438291364
2035,2020-07-28,7521.044618733695
2036,2020-07-29,7523.31669349424
2037,2020-07-30,7476.69257445258
2038,2020-07-31,7413.451202546257
2039,2020-08-01,6879.704407903433
2040,2020-08-02,6775.422314423824
2041,2020-08-03,7368.578362721913
2042,2020-08-04,7430.885375388998
2043,2020-08-05,7426.730757177806
2044,2020-08-06,7374.540910761027
2045,2020-08-07,7306.464190185659
2046,2020-08-08,6768.4709794486835
2047,2020-08-09,6660.38355921033
2048,2020-08-10,7250.025701970913
2049,2020-08-11,7308.963283326535
2050,2020-08-12,7301.443866896401
2051,2020-08-13,7245.76521394591
2052,2020-08-14,7173.961919485482
2053,2020-08-15,6631.908654784668
2054,2020-08-16,6519.352588008313
2055,2020-08-17,7104.064850746549
2056,2020-08-18,7157.582286662775
2057,2020-08-19,7144.147410955991
2058,2020-08-20,7082.076526260332
2059,2020-08-21,7003.445214971256
2060,2020-08-22,6454.189729205395
2061,2020-08-23,6334.13691317172
2062,2020-08-24,6911.152608673364
2063,2020-08-25,6956.879880325913
2064,2020-08-26,6935.675103748033
2065,2020-08-27,6865.971987863966
2066,2020-08-28,6779.962883632837
2067,2020-08-29,6223.696035760114
2068,2020-08-30,6097.101546174846
2069,2020-08-31,6668.136128693048
2070,2020-09-01,6708.518110627154
2071,2020-09-02,6682.660830814215
2072,2020-09-03,6609.034594844446
2073,2020-09-04,6519.846610225039
2074,2020-09-05,5961.137606843043
2075,2020-09-06,5832.807937111462
2076,2020-09-07,6402.763236693002
2077,2020-09-08,6442.651078685196
2078,2020-09-09,6416.796724050041
2079,2020-09-10,6343.568059851145
2080,2020-09-11,6255.059058239945
2081,2020-09-12,5697.190353761472
2082,2020-09-13,5569.739610793261
2083,2020-09-14,6140.491628229647
2084,2020-09-15,6180.979473394256
2085,2020-09-16,6155.4246040741855
2086,2020-09-17,6082.10592793616
2087,2020-09-18,5993.046995678798
2088,2020-09-19,5434.119799077548
2089,2020-09-20,5305.07773330791
2090,2020-09-21,5873.707575898458
2091,2020-09-22,5911.571700200057
2092,2020-09-23,5882.948431451639
2093,2020-09-24,5806.200468814755
2094,2020-09-25,5713.46057005637
2095,2020-09-26,5150.73299673228
2096,2020-09-27,5017.923331997042
2097,2020-09-28,5582.986600758524
2098,2020-09-29,5617.665010324364
2099,2020-09-30,5586.423339793392
2100,2020-10-01,5507.812038589315
2101,2020-10-02,5414.147380720787
2102,2020-10-03,4851.607331194801
2103,2020-10-04,4720.255899374964
2104,2020-10-05,5288.186071077553
2105,2020-10-06,5327.25279421714
2106,2020-10-07,5302.004192925784
2107,2020-10-08,5231.041202763263
2108,2020-10-09,5146.695087377146
2109,2020-10-10,4595.12158483149
2110,2020-10-11,4476.324525242266
2111,2020-10-12,5058.299051241749
2112,2020-10-13,5112.765927123857
2113,2020-10-14,5104.105093420574
2114,2020-10-15,5050.718612136282
2115,2020-10-16,4984.7123875991965
2116,2020-10-17,4451.995309417026
2117,2020-10-18,4352.30853379565
2118,2020-10-19,4953.374889033318
2119,2020-10-20,5026.639728805986
2120,2020-10-21,5036.211215836682
2121,2020-10-22,5000.229999705858
2122,2020-10-23,4950.5574901725995
2123,2020-10-24,4432.881191842958
2124,2020-10-25,4346.749643898918
2125,2020-10-26,4959.72679114248
2126,2020-10-27,5043.136968011815
2127,2020-10-28,5061.008357906713
2128,2020-10-29,5031.444796587695
2129,2020-10-30,4986.315054140001
2130,2020-10-31,4471.358024650989
2131,2020-11-01,4386.216362056055
2132,2020-11-02,4998.588414960327
2133,2020-11-03,5079.969699964326
2134,2020-11-04,5094.591863489919
2135,2020-11-05,5060.789116314415
2136,2020-11-06,5010.681415190176
2137,2020-11-07,4490.272981552692
2138,2020-11-08,4399.478873078376
2139,2020-11-09,5006.269649971789
2140,2020-11-10,5082.4055709851855
2141,2020-11-11,5092.368465923624
2142,2020-11-12,5054.721461194935
2143,2020-11-13,5001.7860155744165
2144,2020-11-14,4479.735024252669
2145,2020-11-15,4388.614855610968
2146,2020-11-16,4996.486487668234
2147,2020-11-17,5075.1572772654745
2148,2020-11-18,5089.111576842581
2149,2020-11-19,5056.870411698257
2150,2020-11-20,5010.669678312335
2151,2020-11-21,4496.5555921241
2152,2020-11-22,4414.410187244767
2153,2020-11-23,5032.0969423876095
2154,2020-11-24,5121.197945287959
2155,2020-11-25,5145.9506647788885
2156,2020-11-26,5124.614376837691
2157,2020-11-27,5089.155522302966
2158,2020-11-28,4585.350530453499
2159,2020-11-29,4512.818710761474
2160,2020-11-30,5139.1750864967935
2161,2020-12-01,5235.774386852408
2162,2020-12-02,5266.65408166445
2163,2020-12-03,5249.90633536294
2164,2020-12-04,5217.368008422602
2165,2020-12-05,4714.727115273629
2166,2020-12-06,4641.558243457408
2167,2020-12-07,5265.476740415563
2168,2020-12-08,5357.8828495201315
2169,2020-12-09,5382.903677200501
2170,2020-12-10,5358.762898776316
2171,2020-12-11,5317.467394150554
2172,2020-12-12,4804.90931558207
2173,2020-12-13,4720.896213180684
2174,2020-12-14,5333.299169578145
2175,2020-12-15,5413.790290634578
2176,2020-12-16,5426.777614832329
2177,2020-12-17,5390.767540288383
2178,2020-12-18,5338.04415710515
2179,2020-12-19,4814.764183656251
2180,2020-12-20,4720.980323217605
2181,2020-12-21,5324.783172406046
2182,2020-12-22,5398.0331925561495
2183,2020-12-23,5405.290950850637
2184,2020-12-24,5365.17585029454
2185,2020-12-25,5310.042829268093
2186,2020-12-26,4786.075792698503
2187,2020-12-27,4693.310623588736
2188,2020-12-28,5299.777906900347
2189,2020-12-29,5377.236845789807
2190,2020-12-30,5390.108515420559
2191,2020-12-31,5356.838583168044
2192,2021-01-01,5309.578859812713
2193,2021-01-02,4794.2863050914475
2194,2021-01-03,4710.752179201329
2195,2021-01-04,5326.751301102896
2196,2021-01-05,5413.782713348103
2197,2021-01-06,5436.009714303491
2198,2021-01-07,5411.629203312572
2199,2021-01-08,5372.559526288499
2200,2021-01-09,4864.545278996597
2201,2021-01-10,4787.191609038273
2202,2021-01-11,5408.117846360357
2203,2021-01-12,5498.701653972125
2204,2021-01-13,5523.021577475028
2205,2021-01-14,5499.22788449246
2206,2021-01-15,5459.23085597302
2207,2021-01-16,4948.804990557735
2208,2021-01-17,4867.621695840416
2209,2021-01-18,5483.400356858974
2210,2021-01-19,5567.64905964458
2211,2021-01-20,5584.602957472827
2212,2021-01-21,5552.5902994828375
2213,2021-01-22,5503.715427888153
2214,2021-01-23,4983.957360582809
2215,2021-01-24,4893.19669543612
2216,2021-01-25,5499.360891146995
2217,2021-01-26,5574.159364504881
2218,2021-01-27,5582.016546493945
2219,2021-01-28,5541.433060249169
2220,2021-01-29,5484.664455013199
2221,2021-01-30,4957.816221934516
2222,2021-01-31,4860.867915337921
2223,2021-02-01,5461.816497717298
2224,2021-02-02,5532.4103863174905
2225,2021-02-03,5537.082355581258
2226,2021-02-04,5494.311444257934
2227,2021-02-05,5436.3032618057305
2228,2021-02-06,4909.087356667845
2229,2021-02-07,4812.544385192155
2230,2021-02-08,5414.55309591729
2231,2021-02-09,5486.728487968231
2232,2021-02-10,5493.359167204139
2233,2021-02-11,5452.773910394183
2234,2021-02-12,5397.02669018139
2235,2021-02-13,4871.998682232366
2236,2021-02-14,4777.429857097134
2237,2021-02-15,5381.070044163838
2238,2021-02-16,5454.420711662704
2239,2021-02-17,5461.675387350887
2240,2021-02-18,5421.088649664125
2241,2021-02-19,5364.662882259129
2242,2021-02-20,4838.25127562125
2243,2021-02-21,4741.589663522383
2244,2021-02-22,5342.447089993199
2245,2021-02-23,5412.3663815430455
2246,2021-02-24,5415.602701221847
2247,2021-02-25,5370.490085619165
2248,2021-02-26,5309.125245896663
2249,2021-02-27,4777.467218672143
2250,2021-02-28,4675.365567270158
2251,2021-03-01,5270.707148800414
2252,2021-03-02,5335.152844801998
2253,2021-03-03,5333.072354434208
2254,2021-03-04,5282.9071693911155
2255,2021-03-05,5216.851121629315
2256,2021-03-06,4680.947188482227
2257,2021-03-07,4575.113340180768
2258,2021-03-08,5167.287512972214
2259,2021-03-09,5229.163154705212
2260,2021-03-10,5225.123470972793
2261,2021-03-11,5173.604499394805
2262,2021-03-12,5106.776390789209
2263,2021-03-13,4570.64154928688
2264,2021-03-14,4465.062364911673
2265,2021-03-15,5057.908553173381
2266,2021-03-16,5120.7954650149095
2267,2021-03-17,5118.021399582724
2268,2021-03-18,5067.933942799307
2269,2021-03-19,5002.614600291189
2270,2021-03-20,4467.980264447735
2271,2021-03-21,4363.8141383894335
2272,2021-03-22,4957.91602565862
2273,2021-03-23,5021.843251649153
2274,2021-03-24,5019.850163267262
2275,2021-03-25,4970.256158072544
2276,2021-03-26,4905.131455948034
2277,2021-03-27,4370.399115739927
2278,2021-03-28,4265.865901477345
2279,2021-03-29,4859.371908599078
2280,2021-03-30,4922.530237437805
2281,2021-03-31,4919.664700731479
2282,2021-04-01,4869.175574256323
2283,2021-04-02,4803.22267737793
2284,2021-04-03,4267.824373130107
2285,2021-04-04,4162.885190343921
2286,2021-04-05,4756.3420837254
2287,2021-04-06,4819.90072894612
2288,2021-04-07,4817.969950071888
2289,2021-04-08,4769.024396294814
2290,2021-04-09,4705.284856549296
2291,2021-04-10,4172.814894017259
2292,2021-04-11,4071.5465832058608
2293,2021-04-12,4669.425430754672
2294,2021-04-13,4738.145925406079
2295,2021-04-14,4742.085844239643
2296,2021-04-15,4699.66944242909
2297,2021-04-16,4643.048905411401
2298,2021-04-17,4118.202716093807
2299,2021-04-18,4024.963671461059
2300,2021-04-19,4631.16656399698
2301,2021-04-20,4708.386892008876
2302,2021-04-21,4720.878631637403
2303,2021-04-22,4686.941093161727
2304,2021-04-23,4638.604128898428
2305,2021-04-24,4121.730230057649
2306,2021-04-25,4036.0461315653047
2307,2021-04-26,4649.293828413422
2308,2021-04-27,4732.972262617111
2309,2021-04-28,4751.277618810736
2310,2021-04-29,4722.472169408152
2311,2021-04-30,4678.570870689847
2312,2021-05-01,4165.44419901179
2313,2021-05-02,4082.849817378
2314,2021-05-03,4698.582967484153
2315,2021-05-04,4784.216858599648
2316,2021-05-05,4804.041024037976
2317,2021-05-06,4776.427638420647
2318,2021-05-07,4733.515067469759
2319,2021-05-08,4221.3072259245955
2320,2021-05-09,4139.701433727158
2321,2021-05-10,4756.634776072345
2322,2021-05-11,4843.820356433212
2323,2021-05-12,4865.681534794272
2324,2021-05-13,4840.714265991888
2325,2021-05-14,4801.166927941068
2326,2021-05-15,4293.136326382133
2327,2021-05-16,4216.592666829404
2328,2021-05-17,4839.523586331116
2329,2021-05-18,4933.668705020796
2330,2021-05-19,4963.452842145181
2331,2021-05-20,4947.348043952613
2332,2021-05-21,4917.553824645973
2333,2021-05-22,4420.094296988241
2334,2021-05-23,4354.844951979844
2335,2021-05-24,4989.679128585083
2336,2021-05-25,5096.205562948247
2337,2021-05-26,5138.705074482153
2338,2021-05-27,5135.496434571927
2339,2021-05-28,5118.620706258657
2340,2021-05-29,4633.942610700631
2341,2021-05-30,4581.181554744676
2342,2021-05-31,5228.062234889452
2343,2021-06-01,5346.056084607771
2344,2021-06-02,5399.321506736828
2345,2021-06-03,5406.072831391113
2346,2021-06-04,5398.267195967724
2347,2021-06-05,4921.707827567511
2348,2021-06-06,4876.076305280171
2349,2021-06-07,5529.08368112592
2350,2021-06-08,5652.211711585886
2351,2021-06-09,5709.652148488728
2352,2021-06-10,5719.674058527091
2353,2021-06-11,5714.308417934976
2354,2021-06-12,5239.44853216773
2355,2021-06-13,5194.878945130883
2356,2021-06-14,5848.422818881867
2357,2021-06-15,5971.679149820623
2358,2021-06-16,6028.957892844993
2359,2021-06-17,6038.643090358163
2360,2021-06-18,6032.873381429052
2361,2021-06-19,5557.638566917941
2362,2021-06-20,5512.805014643965
2363,2021-06-21,6166.259994762675
2364,2021-06-22,6289.6464073328525
2365,2021-06-23,6347.296052974376
2366,2021-06-24,6357.591604215229
2367,2021-06-25,6352.646692773728
2368,2021-06-26,5878.402806593037
2369,2021-06-27,5834.655776058851
2370,2021-06-28,6489.201912420383
2371,2021-06-29,6613.5752113863355
2372,2021-06-30,6671.983703324145
2373,2021-07-01,6682.675019802433
2374,2021-07-02,6677.62048785091
2375,2021-07-03,6202.6163290910945
2376,2021-07-04,6157.31461698388
2377,2021-07-05,6809.373923353588
2378,2021-07-06,6930.200933372519
2379,2021-07-07,6983.890978842428
2380,2021-07-08,6988.597433903696
2381,2021-07-09,6976.219168735135
2382,2021-07-10,6492.504535823523
2383,2021-07-11,6437.084455793059
2384,2021-07-12,7077.624466638867
2385,2021-07-13,7185.566969209569
2386,2021-07-14,7225.071594850388
2387,2021-07-15,7214.3836386063385
2388,2021-07-16,7185.519776110294
2389,2021-07-17,6684.369583944825
2390,2021-07-18,6610.725497122663
2391,2021-07-19,7232.431153651091
2392,2021-07-20,7321.119462177598
2393,2021-07-21,7341.148435737518
2394,2021-07-22,7310.964862786973
2395,2021-07-23,7262.785168169341
2396,2021-07-24,6742.692121309835
2397,2021-07-25,6650.660161612854
2398,2021-07-26,7254.699422207169
2399,2021-07-27,7326.589910196202
2400,2021-07-28,7330.813996006973
2401,2021-07-29,7285.917376685913
2402,2021-07-30,7224.187940896811
2403,2021-07-31,6691.751247153806
2404,2021-08-01,6588.595417099802
2405,2021-08-02,7182.715533400715
2406,2021-08-03,7245.848985300307
2407,2021-08-04,7242.409876116803
2408,2021-08-05,7190.852597235976
2409,2021-08-06,7123.353915896875
2410,2021-08-07,6585.912190040522
2411,2021-08-08,6478.376398937802
2412,2021-08-09,7068.594954620182
2413,2021-08-10,7128.155604894468
2414,2021-08-11,7121.324406164724
2415,2021-08-12,7066.41373491398
2416,2021-08-13,6995.468553782856
2417,2021-08-14,6454.369422505133
2418,2021-08-15,6342.864831398588
2419,2021-08-16,6928.722726792138
2420,2021-08-17,6983.472461709298
2421,2021-08-18,6971.345093194215
2422,2021-08-19,6910.6419604622315
2423,2021-08-20,6833.420748536104
2424,2021-08-21,6285.59753993944
2425,2021-08-22,6166.977467728719
2426,2021-08-23,6745.403897060293
2427,2021-08-24,6792.497446748768
2428,2021-08-25,6772.592868520898
2429,2021-08-26,6704.103829459408
2430,2021-08-27,6619.204925412111
2431,2021-08-28,6063.929558943592
2432,2021-08-29,5938.196430098936
2433,2021-08-30,6509.954701897839
2434,2021-08-31,6550.919282421812
2435,2021-09-01,6525.504363134802
2436,2021-09-02,6452.185368695327
2437,2021-09-03,6363.178740123249
2438,2021-09-04,5804.538260360573
2439,2021-09-05,5676.180724870418
2440,2021-09-06,6246.031050734786
2441,2021-09-07,6285.758273661077
2442,2021-09-08,6259.710555693306
2443,2021-09-09,6186.279318122362
2444,2021-09-10,6097.581857657417
2445,2021-09-11,5539.5610700607685
2446,2021-09-12,5412.014980301673
2447,2021-09-13,5982.7460535140435
2448,2021-09-14,6023.301604793932
2449,2021-09-15,5997.913291136458
2450,2021-09-16,5924.86565647467
2451,2021-09-17,5836.18294472881
2452,2021-09-18,5277.732666676419
2453,2021-09-19,5149.25849036439
2454,2021-09-20,5718.532313035374
2455,2021-09-21,5757.096733149876
2456,2021-09-22,5729.205826279036
2457,2021-09-23,5653.194138966731
2458,2021-09-24,5561.163083262295
2459,2021-09-25,4999.083211418247
2460,2021-09-26,4866.824960601389
2461,2021-09-27,5432.307771884737
2462,2021-09-28,5467.238873512779
2463,2021-09-29,5436.049726929966
2464,2021-09-30,5357.260165179425
2465,2021-10-01,5263.159539525481
2466,2021-10-02,4699.903500854665
2467,2021-10-03,4567.539162530891
2468,2021-10-04,5134.148711061203
2469,2021-10-05,5171.582917217271
2470,2021-10-06,5144.3927045918035
2471,2021-10-07,5071.188954751027
2472,2021-10-08,4984.320001098294
2473,2021-10-09,4429.965556722614
2474,2021-10-10,4308.1599205129
2475,2021-10-11,4886.934601185073
2476,2021-10-12,4938.0518585846185
2477,2021-10-13,4925.937337510688
2478,2021-10-14,4869.041962405381
2479,2021-10-15,4799.52250484692
2480,2021-10-16,4263.339500596105
2481,2021-10-17,4160.285265108227
2482,2021-10-18,4758.132027412081
2483,2021-10-19,4828.371540737654
2484,2021-10-20,4835.154186646846
2485,2021-10-21,4796.657569388463
2486,2021-10-22,4744.77383231335
2487,2021-10-23,4225.214189555167
2488,2021-10-24,4137.543240023988
2489,2021-10-25,4749.332908568377
2490,2021-10-26,4831.907209438223
